instrument,collection,technique,dynamic,midi,note,register,metric,value,ci_low,ci_high,rel_uncertainty,source_file
Violin,_15_,ordinario,forte,55,G3,Middle,EWSD_score_acoustic_balanced,39.96080439189063,26.18218594008356,55.34579601577457,0.19131437909167,C:\Users\lmr20\Desktop\Strings\Strings\violin\_15_\Arco_Normal_forte\_Sustains\analysis_results\Arco_Normal_forte.xlsx
Violin,_15_,ordinario,forte,56,G#3,Middle,EWSD_score_acoustic_balanced,27.06568560063996,18.41749108291576,37.72983620400132,0.1914543054635684,C:\Users\lmr20\Desktop\Strings\Strings\violin\_15_\Arco_Normal_forte\_Sustains\analysis_results\Arco_Normal_forte.xlsx
Violin,_15_,ordinario,forte,57,A3,Middle,EWSD_score_acoustic_balanced,25.87967132246766,16.30994018559351,34.47646075448923,0.182174798704549,C:\Users\lmr20\Desktop\Strings\Strings\violin\_15_\Arco_Normal_forte\_Sustains\analysis_results\Arco_Normal_forte.xlsx
Violin,_15_,ordinario,forte,59,B3,Middle,EWSD_score_acoustic_balanced,22.76191227624023,17.09778655203649,36.41931049760151,0.2150588043019862,C:\Users\lmr20\Desktop\Strings\Strings\violin\_15_\Arco_Normal_forte\_Sustains\analysis_results\Arco_Normal_forte.xlsx
Violin,_15_,ordinario,forte,60,C4,High,EWSD_score_acoustic_balanced,18.58478144144211,11.97184802951205,26.86049345121548,0.2042433377678488,C:\Users\lmr20\Desktop\Strings\Strings\violin\_15_\Arco_Normal_forte\_Sustains\analysis_results\Arco_Normal_forte.xlsx
Violin,_15_,ordinario,forte,62,D4,High,EWSD_score_acoustic_balanced,27.22344099009994,18.41662028570853,36.7430070020262,0.1747799508928262,C:\Users\lmr20\Desktop\Strings\Strings\violin\_15_\Arco_Normal_forte\_Sustains\analysis_results\Arco_Normal_forte.xlsx
Violin,_15_,ordinario,forte,63,D#4,High,EWSD_score_acoustic_balanced,22.73012203119579,13.0686591285363,34.2294320227731,0.2472386796643337,C:\Users\lmr20\Desktop\Strings\Strings\violin\_15_\Arco_Normal_forte\_Sustains\analysis_results\Arco_Normal_forte.xlsx
Violin,_15_,ordinario,forte,65,F4,High,EWSD_score_acoustic_balanced,20.68041137357135,12.71562992166065,30.37716452987117,0.2349691612668561,C:\Users\lmr20\Desktop\Strings\Strings\violin\_15_\Arco_Normal_forte\_Sustains\analysis_results\Arco_Normal_forte.xlsx
Violin,_15_,ordinario,forte,66,F#4,High,EWSD_score_acoustic_balanced,20.94664039257693,12.15441406927355,31.81579774797656,0.2418973704246235,C:\Users\lmr20\Desktop\Strings\Strings\violin\_15_\Arco_Normal_forte\_Sustains\analysis_results\Arco_Normal_forte.xlsx
Violin,_15_,ordinario,forte,67,G4,High,EWSD_score_acoustic_balanced,21.29720317705536,12.15209435656804,33.67616135201566,0.2738751283850857,C:\Users\lmr20\Desktop\Strings\Strings\violin\_15_\Arco_Normal_forte\_Sustains\analysis_results\Arco_Normal_forte.xlsx
Violin,_15_,ordinario,forte,68,G#4,High,EWSD_score_acoustic_balanced,14.88792716564033,8.021820881902718,24.59789361423464,0.2889758431272416,C:\Users\lmr20\Desktop\Strings\Strings\violin\_15_\Arco_Normal_forte\_Sustains\analysis_results\Arco_Normal_forte.xlsx
Violin,_15_,ordinario,forte,70,A#4,High,EWSD_score_acoustic_balanced,12.47835872508512,5.632563923990576,19.85694373889837,0.2965888988330714,C:\Users\lmr20\Desktop\Strings\Strings\violin\_15_\Arco_Normal_forte\_Sustains\analysis_results\Arco_Normal_forte.xlsx
Violin,_15_,ordinario,forte,71,B4,High,EWSD_score_acoustic_balanced,16.87874173598012,9.030454733828243,26.99361382979106,0.2753660684384673,C:\Users\lmr20\Desktop\Strings\Strings\violin\_15_\Arco_Normal_forte\_Sustains\analysis_results\Arco_Normal_forte.xlsx
Violin,_15_,ordinario,forte,73,C#5,Very high,EWSD_score_acoustic_balanced,13.84909236552349,7.956909980411687,22.4451359684168,0.2687037199236977,C:\Users\lmr20\Desktop\Strings\Strings\violin\_15_\Arco_Normal_forte\_Sustains\analysis_results\Arco_Normal_forte.xlsx
Violin,_15_,ordinario,forte,74,D5,Very high,EWSD_score_acoustic_balanced,14.41869250214067,7.419692515339603,22.03693619888066,0.2568244755608797,C:\Users\lmr20\Desktop\Strings\Strings\violin\_15_\Arco_Normal_forte\_Sustains\analysis_results\Arco_Normal_forte.xlsx
Violin,_15_,ordinario,forte,75,D#5,Very high,EWSD_score_acoustic_balanced,14.30430233551317,7.397409150559233,22.94937589510927,0.2902412010846508,C:\Users\lmr20\Desktop\Strings\Strings\violin\_15_\Arco_Normal_forte\_Sustains\analysis_results\Arco_Normal_forte.xlsx
Violin,_15_,ordinario,forte,76,E5,Very high,EWSD_score_acoustic_balanced,16.57178877570338,8.321835579788328,26.5595589251186,0.2899259777463161,C:\Users\lmr20\Desktop\Strings\Strings\violin\_15_\Arco_Normal_forte\_Sustains\analysis_results\Arco_Normal_forte.xlsx
Violin,_15_,ordinario,forte,77,F5,Very high,EWSD_score_acoustic_balanced,12.88982772542349,6.360785811494127,22.21275476209125,0.321198853984743,C:\Users\lmr20\Desktop\Strings\Strings\violin\_15_\Arco_Normal_forte\_Sustains\analysis_results\Arco_Normal_forte.xlsx
Violin,_15_,ordinario,forte,78,F#5,Very high,EWSD_score_acoustic_balanced,16.45188864555401,8.600141998935241,24.87245997357744,0.2542995292992232,C:\Users\lmr20\Desktop\Strings\Strings\violin\_15_\Arco_Normal_forte\_Sustains\analysis_results\Arco_Normal_forte.xlsx
Violin,_15_,ordinario,forte,79,G5,Very high,EWSD_score_acoustic_balanced,13.63253591780684,8.669605008610228,23.33183803235292,0.2919918079371268,C:\Users\lmr20\Desktop\Strings\Strings\violin\_15_\Arco_Normal_forte\_Sustains\analysis_results\Arco_Normal_forte.xlsx
Violin,_15_,ordinario,forte,80,G#5,Very high,EWSD_score_acoustic_balanced,13.59628762811384,7.534034162276372,22.3152613199475,0.2802045027868089,C:\Users\lmr20\Desktop\Strings\Strings\violin\_15_\Arco_Normal_forte\_Sustains\analysis_results\Arco_Normal_forte.xlsx
Violin,_15_,ordinario,forte,81,A5,Very high,EWSD_score_acoustic_balanced,11.67598218599475,6.425257970020152,20.43110698886885,0.3247097427464709,C:\Users\lmr20\Desktop\Strings\Strings\violin\_15_\Arco_Normal_forte\_Sustains\analysis_results\Arco_Normal_forte.xlsx
Violin,_15_,ordinario,forte,82,A#5,Very high,EWSD_score_acoustic_balanced,9.671331678992107,4.837952765507096,18.60781806194522,0.3665244234749118,C:\Users\lmr20\Desktop\Strings\Strings\violin\_15_\Arco_Normal_forte\_Sustains\analysis_results\Arco_Normal_forte.xlsx
Violin,_15_,ordinario,forte,83,B5,Very high,EWSD_score_acoustic_balanced,9.469584955070363,4.230456420111865,17.26622556077578,0.3575525922960176,C:\Users\lmr20\Desktop\Strings\Strings\violin\_15_\Arco_Normal_forte\_Sustains\analysis_results\Arco_Normal_forte.xlsx
Violin,_15_,ordinario,forte,84,C6,Very high,EWSD_score_acoustic_balanced,7.673286946665871,4.080613727725843,15.36058713194829,0.390904240485051,C:\Users\lmr20\Desktop\Strings\Strings\violin\_15_\Arco_Normal_forte\_Sustains\analysis_results\Arco_Normal_forte.xlsx
Violin,_15_,ordinario,forte,85,C#6,Very high,EWSD_score_acoustic_balanced,9.096484998898395,3.607079424637441,17.27480726653132,0.3997665048793398,C:\Users\lmr20\Desktop\Strings\Strings\violin\_15_\Arco_Normal_forte\_Sustains\analysis_results\Arco_Normal_forte.xlsx
Violin,_15_,ordinario,forte,86,D6,Very high,EWSD_score_acoustic_balanced,11.68388870410698,4.897717408025542,20.21108199873217,0.3317233259903499,C:\Users\lmr20\Desktop\Strings\Strings\violin\_15_\Arco_Normal_forte\_Sustains\analysis_results\Arco_Normal_forte.xlsx
Violin,_15_,ordinario,forte,87,D#6,Very high,EWSD_score_acoustic_balanced,7.268868508813861,3.124672687440644,14.56721245342594,0.4204027964376907,C:\Users\lmr20\Desktop\Strings\Strings\violin\_15_\Arco_Normal_forte\_Sustains\analysis_results\Arco_Normal_forte.xlsx
Violin,_15_,ordinario,forte,88,E6,Very high,EWSD_score_acoustic_balanced,12.00989040593726,5.049676688346737,18.42021616952326,0.2839248825803731,C:\Users\lmr20\Desktop\Strings\Strings\violin\_15_\Arco_Normal_forte\_Sustains\analysis_results\Arco_Normal_forte.xlsx
Violin,_15_,ordinario,forte,89,F6,Very high,EWSD_score_acoustic_balanced,9.861837896163255,5.285601926672138,13.93796431818721,0.2381529420250194,C:\Users\lmr20\Desktop\Strings\Strings\violin\_15_\Arco_Normal_forte\_Sustains\analysis_results\Arco_Normal_forte.xlsx
Violin,_15_,ordinario,forte,90,F#6,Very high,EWSD_score_acoustic_balanced,6.69194933685426,3.593444041881499,11.11716049361134,0.2808361383211919,C:\Users\lmr20\Desktop\Strings\Strings\violin\_15_\Arco_Normal_forte\_Sustains\analysis_results\Arco_Normal_forte.xlsx
Violin,_15_,ordinario,forte,91,G6,Very high,EWSD_score_acoustic_balanced,9.201653797879214,4.180934176701094,11.89182314405175,0.2283003125019414,C:\Users\lmr20\Desktop\Strings\Strings\violin\_15_\Arco_Normal_forte\_Sustains\analysis_results\Arco_Normal_forte.xlsx
Violin,_15_,ordinario,forte,92,G#6,Very high,EWSD_score_acoustic_balanced,7.61993246349842,4.205832160568806,12.32639973201079,0.2962741383433532,C:\Users\lmr20\Desktop\Strings\Strings\violin\_15_\Arco_Normal_forte\_Sustains\analysis_results\Arco_Normal_forte.xlsx
Violin,_15_,ordinario,forte,93,A6,Very high,EWSD_score_acoustic_balanced,9.064409054544038,4.692907156302826,13.64919757032228,0.2562580780924967,C:\Users\lmr20\Desktop\Strings\Strings\violin\_15_\Arco_Normal_forte\_Sustains\analysis_results\Arco_Normal_forte.xlsx
Violin,_15_,ordinario,forte,94,A#6,Very high,EWSD_score_acoustic_balanced,6.829437887471071,3.605053218159912,11.95826531385806,0.3218291627647168,C:\Users\lmr20\Desktop\Strings\Strings\violin\_15_\Arco_Normal_forte\_Sustains\analysis_results\Arco_Normal_forte.xlsx
Violin,_15_,ordinario,forte,95,B6,Very high,EWSD_score_acoustic_balanced,7.441229486564398,4.475280086692108,11.64585185399389,0.2665798341866349,C:\Users\lmr20\Desktop\Strings\Strings\violin\_15_\Arco_Normal_forte\_Sustains\analysis_results\Arco_Normal_forte.xlsx
Violin,_15_,ordinario,forte,96,C7,Very high,EWSD_score_acoustic_balanced,5.989232619533158,3.4849273569724,10.55684308438784,0.3270514734904769,C:\Users\lmr20\Desktop\Strings\Strings\violin\_15_\Arco_Normal_forte\_Sustains\analysis_results\Arco_Normal_forte.xlsx
Violin,_15_,ordinario,forte,97,C#7,Very high,EWSD_score_acoustic_balanced,5.298065566739715,3.577476475909356,9.680904220666363,0.3067977415652755,C:\Users\lmr20\Desktop\Strings\Strings\violin\_15_\Arco_Normal_forte\_Sustains\analysis_results\Arco_Normal_forte.xlsx
Violin,_15_,ordinario,forte,98,D7,Very high,EWSD_score_acoustic_balanced,4.157963222573672,2.429718327742585,7.927645038090153,0.3676020476226549,C:\Users\lmr20\Desktop\Strings\Strings\violin\_15_\Arco_Normal_forte\_Sustains\analysis_results\Arco_Normal_forte.xlsx
Violin,_15_,ordinario,forte,99,D#7,Very high,EWSD_score_acoustic_balanced,3.871494465622697,2.049307814922107,8.95833745149862,0.478494378615698,C:\Users\lmr20\Desktop\Strings\Strings\violin\_15_\Arco_Normal_forte\_Sustains\analysis_results\Arco_Normal_forte.xlsx
Violin,_15_,ordinario,forte,100,E7,Very high,EWSD_score_acoustic_balanced,5.339108932550321,2.866598642558629,9.88161354642847,0.3923887434269085,C:\Users\lmr20\Desktop\Strings\Strings\violin\_15_\Arco_Normal_forte\_Sustains\analysis_results\Arco_Normal_forte.xlsx
Violin,_15_,ordinario,forte,101,F7,Very high,EWSD_score_acoustic_balanced,5.506147900024404,2.630365172224181,9.658673325711996,0.3530229466869773,C:\Users\lmr20\Desktop\Strings\Strings\violin\_15_\Arco_Normal_forte\_Sustains\analysis_results\Arco_Normal_forte.xlsx
Violin,_15_,ordinario,forte,102,F#7,Very high,EWSD_score_acoustic_balanced,5.258238633755285,2.974782264494749,8.632295922211382,0.3259677411652308,C:\Users\lmr20\Desktop\Strings\Strings\violin\_15_\Arco_Normal_forte\_Sustains\analysis_results\Arco_Normal_forte.xlsx
Violin,_15_,ordinario,forte,103,G7,Very high,EWSD_score_acoustic_balanced,5.639682477428934,2.995053358777189,7.599036086554064,0.2313598414387499,C:\Users\lmr20\Desktop\Strings\Strings\violin\_15_\Arco_Normal_forte\_Sustains\analysis_results\Arco_Normal_forte.xlsx
Violin,_15_,ordinario,fortissimo,55,G3,Middle,EWSD_score_acoustic_balanced,42.85184376045633,28.55140690755188,60.38805703870317,0.1887862267293258,C:\Users\lmr20\Desktop\Strings\Strings\violin\_15_\Arco_Normal_fortissimo\_Sustains\analysis_results\Arco_Normal_fortissimo.xlsx
Violin,_15_,ordinario,fortissimo,56,G#3,Middle,EWSD_score_acoustic_balanced,23.80678812924011,19.71309683770729,38.4730208054777,0.2032049530346499,C:\Users\lmr20\Desktop\Strings\Strings\violin\_15_\Arco_Normal_fortissimo\_Sustains\analysis_results\Arco_Normal_fortissimo.xlsx
Violin,_15_,ordinario,fortissimo,57,A3,Middle,EWSD_score_acoustic_balanced,20.05222858270007,14.34354774946639,30.3212536425644,0.2100916925896235,C:\Users\lmr20\Desktop\Strings\Strings\violin\_15_\Arco_Normal_fortissimo\_Sustains\analysis_results\Arco_Normal_fortissimo.xlsx
Violin,_15_,ordinario,fortissimo,58,A#3,Middle,EWSD_score_acoustic_balanced,18.34787216969315,13.57188459523528,27.83680165236975,0.2104992493900938,C:\Users\lmr20\Desktop\Strings\Strings\violin\_15_\Arco_Normal_fortissimo\_Sustains\analysis_results\Arco_Normal_fortissimo.xlsx
Violin,_15_,ordinario,fortissimo,59,B3,Middle,EWSD_score_acoustic_balanced,20.60446904583856,15.42454837010018,30.7038216829757,0.1915503930572811,C:\Users\lmr20\Desktop\Strings\Strings\violin\_15_\Arco_Normal_fortissimo\_Sustains\analysis_results\Arco_Normal_fortissimo.xlsx
Violin,_15_,ordinario,fortissimo,60,C4,High,EWSD_score_acoustic_balanced,19.37566369956109,13.79792382348928,30.57582888810771,0.2254435101248945,C:\Users\lmr20\Desktop\Strings\Strings\violin\_15_\Arco_Normal_fortissimo\_Sustains\analysis_results\Arco_Normal_fortissimo.xlsx
Violin,_15_,ordinario,fortissimo,61,C#4,High,EWSD_score_acoustic_balanced,20.21507172102007,15.77643308623772,34.7028324711088,0.2461927914035728,C:\Users\lmr20\Desktop\Strings\Strings\violin\_15_\Arco_Normal_fortissimo\_Sustains\analysis_results\Arco_Normal_fortissimo.xlsx
Violin,_15_,ordinario,fortissimo,62,D4,High,EWSD_score_acoustic_balanced,21.11490599212985,13.55805506874059,30.76016305152006,0.2033196809654936,C:\Users\lmr20\Desktop\Strings\Strings\violin\_15_\Arco_Normal_fortissimo\_Sustains\analysis_results\Arco_Normal_fortissimo.xlsx
Violin,_15_,ordinario,fortissimo,63,D#4,High,EWSD_score_acoustic_balanced,23.36109569346641,15.0882469108104,38.65287733339112,0.2498939005997806,C:\Users\lmr20\Desktop\Strings\Strings\violin\_15_\Arco_Normal_fortissimo\_Sustains\analysis_results\Arco_Normal_fortissimo.xlsx
Violin,_15_,ordinario,fortissimo,64,E4,High,EWSD_score_acoustic_balanced,25.18350524311853,15.93188677529494,36.60704165750283,0.2167211120573101,C:\Users\lmr20\Desktop\Strings\Strings\violin\_15_\Arco_Normal_fortissimo\_Sustains\analysis_results\Arco_Normal_fortissimo.xlsx
Violin,_15_,ordinario,fortissimo,65,F4,High,EWSD_score_acoustic_balanced,22.55502107192219,14.14927708666487,32.50565503230406,0.2141906907959596,C:\Users\lmr20\Desktop\Strings\Strings\violin\_15_\Arco_Normal_fortissimo\_Sustains\analysis_results\Arco_Normal_fortissimo.xlsx
Violin,_15_,ordinario,fortissimo,66,F#4,High,EWSD_score_acoustic_balanced,21.34900814385912,13.49196418761411,31.10201852793464,0.2161926416916673,C:\Users\lmr20\Desktop\Strings\Strings\violin\_15_\Arco_Normal_fortissimo\_Sustains\analysis_results\Arco_Normal_fortissimo.xlsx
Violin,_15_,ordinario,fortissimo,67,G4,High,EWSD_score_acoustic_balanced,23.92183082286441,14.19086373281069,33.21830177602381,0.2120342327825986,C:\Users\lmr20\Desktop\Strings\Strings\violin\_15_\Arco_Normal_fortissimo\_Sustains\analysis_results\Arco_Normal_fortissimo.xlsx
Violin,_15_,ordinario,fortissimo,68,G#4,High,EWSD_score_acoustic_balanced,18.37398899514533,9.522850032571792,25.22218225657579,0.2295176569733182,C:\Users\lmr20\Desktop\Strings\Strings\violin\_15_\Arco_Normal_fortissimo\_Sustains\analysis_results\Arco_Normal_fortissimo.xlsx
Violin,_15_,ordinario,fortissimo,69,A4,High,EWSD_score_acoustic_balanced,13.20709887280472,7.224337306677329,22.81938005548677,0.308511384183821,C:\Users\lmr20\Desktop\Strings\Strings\violin\_15_\Arco_Normal_fortissimo\_Sustains\analysis_results\Arco_Normal_fortissimo.xlsx
Violin,_15_,ordinario,fortissimo,70,A#4,High,EWSD_score_acoustic_balanced,14.65251853424027,8.384658222158604,22.04148937040302,0.2365496095289245,C:\Users\lmr20\Desktop\Strings\Strings\violin\_15_\Arco_Normal_fortissimo\_Sustains\analysis_results\Arco_Normal_fortissimo.xlsx
Violin,_15_,ordinario,fortissimo,71,B4,High,EWSD_score_acoustic_balanced,14.96132436340469,8.315399346797774,23.95209831016808,0.2773458664524689,C:\Users\lmr20\Desktop\Strings\Strings\violin\_15_\Arco_Normal_fortissimo\_Sustains\analysis_results\Arco_Normal_fortissimo.xlsx
Violin,_15_,ordinario,fortissimo,72,C5,Very high,EWSD_score_acoustic_balanced,11.80925534755644,6.46445269295418,18.12938427027754,0.24842382794357,C:\Users\lmr20\Desktop\Strings\Strings\violin\_15_\Arco_Normal_fortissimo\_Sustains\analysis_results\Arco_Normal_fortissimo.xlsx
Violin,_15_,ordinario,fortissimo,73,C#5,Very high,EWSD_score_acoustic_balanced,13.93216528784372,7.407260876076184,23.18486777748128,0.2995966480667501,C:\Users\lmr20\Desktop\Strings\Strings\violin\_15_\Arco_Normal_fortissimo\_Sustains\analysis_results\Arco_Normal_fortissimo.xlsx
Violin,_15_,ordinario,fortissimo,74,D5,Very high,EWSD_score_acoustic_balanced,14.32106527588732,8.524597540354096,22.66889182657035,0.2588668713514021,C:\Users\lmr20\Desktop\Strings\Strings\violin\_15_\Arco_Normal_fortissimo\_Sustains\analysis_results\Arco_Normal_fortissimo.xlsx
Violin,_15_,ordinario,fortissimo,75,D#5,Very high,EWSD_score_acoustic_balanced,16.4333743163791,8.49426023361575,24.71155213912918,0.2625636399033675,C:\Users\lmr20\Desktop\Strings\Strings\violin\_15_\Arco_Normal_fortissimo\_Sustains\analysis_results\Arco_Normal_fortissimo.xlsx
Violin,_15_,ordinario,fortissimo,76,E5,Very high,EWSD_score_acoustic_balanced,18.20733298047044,7.895256604913642,24.19338148589873,0.2363321389163324,C:\Users\lmr20\Desktop\Strings\Strings\violin\_15_\Arco_Normal_fortissimo\_Sustains\analysis_results\Arco_Normal_fortissimo.xlsx
Violin,_15_,ordinario,fortissimo,77,F5,Very high,EWSD_score_acoustic_balanced,17.19431431318799,8.71647912140168,24.54086658216318,0.245516498980421,C:\Users\lmr20\Desktop\Strings\Strings\violin\_15_\Arco_Normal_fortissimo\_Sustains\analysis_results\Arco_Normal_fortissimo.xlsx
Violin,_15_,ordinario,fortissimo,78,F#5,Very high,EWSD_score_acoustic_balanced,14.99948602257384,7.668730116318391,24.50154245389004,0.2842886523754444,C:\Users\lmr20\Desktop\Strings\Strings\violin\_15_\Arco_Normal_fortissimo\_Sustains\analysis_results\Arco_Normal_fortissimo.xlsx
Violin,_15_,ordinario,fortissimo,79,G5,Very high,EWSD_score_acoustic_balanced,15.84449889230572,8.409205635002383,24.94933583540577,0.2728493989676842,C:\Users\lmr20\Desktop\Strings\Strings\violin\_15_\Arco_Normal_fortissimo\_Sustains\analysis_results\Arco_Normal_fortissimo.xlsx
Violin,_15_,ordinario,fortissimo,80,G#5,Very high,EWSD_score_acoustic_balanced,14.73172716840333,8.161551840550596,22.90357611192438,0.2660226976228319,C:\Users\lmr20\Desktop\Strings\Strings\violin\_15_\Arco_Normal_fortissimo\_Sustains\analysis_results\Arco_Normal_fortissimo.xlsx
Violin,_15_,ordinario,fortissimo,81,A5,Very high,EWSD_score_acoustic_balanced,11.32275145516409,7.402292639484139,17.54193269386745,0.2435330589751654,C:\Users\lmr20\Desktop\Strings\Strings\violin\_15_\Arco_Normal_fortissimo\_Sustains\analysis_results\Arco_Normal_fortissimo.xlsx
Violin,_15_,ordinario,fortissimo,82,A#5,Very high,EWSD_score_acoustic_balanced,11.33053368071525,5.90194838255567,19.45107048673098,0.3191358516179176,C:\Users\lmr20\Desktop\Strings\Strings\violin\_15_\Arco_Normal_fortissimo\_Sustains\analysis_results\Arco_Normal_fortissimo.xlsx
Violin,_15_,ordinario,fortissimo,83,B5,Very high,EWSD_score_acoustic_balanced,8.895586889776853,5.111280623250124,15.75530877460919,0.3097047814729778,C:\Users\lmr20\Desktop\Strings\Strings\violin\_15_\Arco_Normal_fortissimo\_Sustains\analysis_results\Arco_Normal_fortissimo.xlsx
Violin,_15_,ordinario,fortissimo,84,C6,Very high,EWSD_score_acoustic_balanced,7.742571919878898,4.162085415973245,13.79659887671594,0.3607962337844642,C:\Users\lmr20\Desktop\Strings\Strings\violin\_15_\Arco_Normal_fortissimo\_Sustains\analysis_results\Arco_Normal_fortissimo.xlsx
Violin,_15_,ordinario,fortissimo,85,C#6,Very high,EWSD_score_acoustic_balanced,8.056528700141241,4.1480428458737,14.81333045081998,0.3478048676167496,C:\Users\lmr20\Desktop\Strings\Strings\violin\_15_\Arco_Normal_fortissimo\_Sustains\analysis_results\Arco_Normal_fortissimo.xlsx
Violin,_15_,ordinario,fortissimo,86,D6,Very high,EWSD_score_acoustic_balanced,12.95841055642099,4.896402048151711,19.6411147569309,0.2912253081867368,C:\Users\lmr20\Desktop\Strings\Strings\violin\_15_\Arco_Normal_fortissimo\_Sustains\analysis_results\Arco_Normal_fortissimo.xlsx
Violin,_15_,ordinario,fortissimo,87,D#6,Very high,EWSD_score_acoustic_balanced,9.011995766016794,4.709384582491487,16.73152107851969,0.3511841556020128,C:\Users\lmr20\Desktop\Strings\Strings\violin\_15_\Arco_Normal_fortissimo\_Sustains\analysis_results\Arco_Normal_fortissimo.xlsx
Violin,_15_,ordinario,fortissimo,88,E6,Very high,EWSD_score_acoustic_balanced,11.35583786121305,4.250787225117502,16.65411993356098,0.2769635893136222,C:\Users\lmr20\Desktop\Strings\Strings\violin\_15_\Arco_Normal_fortissimo\_Sustains\analysis_results\Arco_Normal_fortissimo.xlsx
Violin,_15_,ordinario,fortissimo,89,F6,Very high,EWSD_score_acoustic_balanced,8.097072124389893,4.499308162037032,12.55925540976926,0.2755744157262711,C:\Users\lmr20\Desktop\Strings\Strings\violin\_15_\Arco_Normal_fortissimo\_Sustains\analysis_results\Arco_Normal_fortissimo.xlsx
Violin,_15_,ordinario,fortissimo,90,F#6,Very high,EWSD_score_acoustic_balanced,7.465416988597755,4.498342964439636,13.27454968335546,0.3189368428093916,C:\Users\lmr20\Desktop\Strings\Strings\violin\_15_\Arco_Normal_fortissimo\_Sustains\analysis_results\Arco_Normal_fortissimo.xlsx
Violin,_15_,ordinario,fortissimo,91,G6,Very high,EWSD_score_acoustic_balanced,9.727488640145015,4.248556353925092,12.97736771937332,0.2376248555643302,C:\Users\lmr20\Desktop\Strings\Strings\violin\_15_\Arco_Normal_fortissimo\_Sustains\analysis_results\Arco_Normal_fortissimo.xlsx
Violin,_15_,ordinario,fortissimo,92,G#6,Very high,EWSD_score_acoustic_balanced,7.787601522685784,4.163205956966038,12.86260220233357,0.296666088163299,C:\Users\lmr20\Desktop\Strings\Strings\violin\_15_\Arco_Normal_fortissimo\_Sustains\analysis_results\Arco_Normal_fortissimo.xlsx
Violin,_15_,ordinario,fortissimo,93,A6,Very high,EWSD_score_acoustic_balanced,8.426029712255609,4.109640931770007,12.19819852324369,0.2546825626567338,C:\Users\lmr20\Desktop\Strings\Strings\violin\_15_\Arco_Normal_fortissimo\_Sustains\analysis_results\Arco_Normal_fortissimo.xlsx
Violin,_15_,ordinario,fortissimo,94,A#6,Very high,EWSD_score_acoustic_balanced,6.404430757883208,3.634437055637108,10.49033044268556,0.2773469401244408,C:\Users\lmr20\Desktop\Strings\Strings\violin\_15_\Arco_Normal_fortissimo\_Sustains\analysis_results\Arco_Normal_fortissimo.xlsx
Violin,_15_,ordinario,fortissimo,95,B6,Very high,EWSD_score_acoustic_balanced,6.21404693839328,3.730060275906565,10.86449277001001,0.3006071474135062,C:\Users\lmr20\Desktop\Strings\Strings\violin\_15_\Arco_Normal_fortissimo\_Sustains\analysis_results\Arco_Normal_fortissimo.xlsx
Violin,_15_,ordinario,fortissimo,97,C#7,Very high,EWSD_score_acoustic_balanced,5.785382623319842,3.985362145528702,9.951607807259268,0.2866233705189203,C:\Users\lmr20\Desktop\Strings\Strings\violin\_15_\Arco_Normal_fortissimo\_Sustains\analysis_results\Arco_Normal_fortissimo.xlsx
Violin,_15_,ordinario,fortissimo,98,D7,Very high,EWSD_score_acoustic_balanced,6.381721365389439,2.811212292896322,10.02772230780896,0.3176875548036008,C:\Users\lmr20\Desktop\Strings\Strings\violin\_15_\Arco_Normal_fortissimo\_Sustains\analysis_results\Arco_Normal_fortissimo.xlsx
Violin,_15_,ordinario,fortissimo,99,D#7,Very high,EWSD_score_acoustic_balanced,4.02694129752464,2.278258828783223,9.01795189181812,0.4909979613338397,C:\Users\lmr20\Desktop\Strings\Strings\violin\_15_\Arco_Normal_fortissimo\_Sustains\analysis_results\Arco_Normal_fortissimo.xlsx
Violin,_15_,ordinario,fortissimo,100,E7,Very high,EWSD_score_acoustic_balanced,5.703879521120166,3.027446436091681,8.895379101859628,0.2782555498736543,C:\Users\lmr20\Desktop\Strings\Strings\violin\_15_\Arco_Normal_fortissimo\_Sustains\analysis_results\Arco_Normal_fortissimo.xlsx
Violin,_15_,ordinario,fortissimo,101,F7,Very high,EWSD_score_acoustic_balanced,5.00944254913157,2.605296531376929,8.322678949026976,0.3256343524367382,C:\Users\lmr20\Desktop\Strings\Strings\violin\_15_\Arco_Normal_fortissimo\_Sustains\analysis_results\Arco_Normal_fortissimo.xlsx
Violin,_15_,ordinario,fortissimo,102,F#7,Very high,EWSD_score_acoustic_balanced,5.726097974381203,3.142408478932447,8.41265254472332,0.2565112005283003,C:\Users\lmr20\Desktop\Strings\Strings\violin\_15_\Arco_Normal_fortissimo\_Sustains\analysis_results\Arco_Normal_fortissimo.xlsx
Violin,_15_,ordinario,fortissimo,103,G7,Very high,EWSD_score_acoustic_balanced,5.595969611096175,3.196017150962699,6.747435802480885,0.1700606377845121,C:\Users\lmr20\Desktop\Strings\Strings\violin\_15_\Arco_Normal_fortissimo\_Sustains\analysis_results\Arco_Normal_fortissimo.xlsx
Violin,_15_,ordinario,mezzo-forte,55,G3,Middle,EWSD_score_acoustic_balanced,45.70842689610359,29.56802582806354,56.65655705039944,0.1600258740833317,C:\Users\lmr20\Desktop\Strings\Strings\violin\_15_\Arco_Normal_mezzo-forte\_Sustains\analysis_results\Arco_Normal_mezzo-forte.xlsx
Violin,_15_,ordinario,mezzo-forte,56,G#3,Middle,EWSD_score_acoustic_balanced,25.56631455461486,15.01538981793969,33.12114297763745,0.1876721646901453,C:\Users\lmr20\Desktop\Strings\Strings\violin\_15_\Arco_Normal_mezzo-forte\_Sustains\analysis_results\Arco_Normal_mezzo-forte.xlsx
Violin,_15_,ordinario,mezzo-forte,58,A#3,Middle,EWSD_score_acoustic_balanced,14.38590861709674,9.076495987582948,21.86852930677253,0.2438797044133896,C:\Users\lmr20\Desktop\Strings\Strings\violin\_15_\Arco_Normal_mezzo-forte\_Sustains\analysis_results\Arco_Normal_mezzo-forte.xlsx
Violin,_15_,ordinario,mezzo-forte,59,B3,Middle,EWSD_score_acoustic_balanced,26.718275006918,14.84697999204433,38.32449373617673,0.2155067141126597,C:\Users\lmr20\Desktop\Strings\Strings\violin\_15_\Arco_Normal_mezzo-forte\_Sustains\analysis_results\Arco_Normal_mezzo-forte.xlsx
Violin,_15_,ordinario,mezzo-forte,60,C4,High,EWSD_score_acoustic_balanced,17.59906972448315,9.445133071120146,24.05789612316324,0.2116971356068355,C:\Users\lmr20\Desktop\Strings\Strings\violin\_15_\Arco_Normal_mezzo-forte\_Sustains\analysis_results\Arco_Normal_mezzo-forte.xlsx
Violin,_15_,ordinario,mezzo-forte,61,C#4,High,EWSD_score_acoustic_balanced,21.71430620228247,12.01896524105663,34.74536261864559,0.2709112766234431,C:\Users\lmr20\Desktop\Strings\Strings\violin\_15_\Arco_Normal_mezzo-forte\_Sustains\analysis_results\Arco_Normal_mezzo-forte.xlsx
Violin,_15_,ordinario,mezzo-forte,62,D4,High,EWSD_score_acoustic_balanced,27.03379120985874,15.02466314943389,37.26216942236331,0.2150836091181877,C:\Users\lmr20\Desktop\Strings\Strings\violin\_15_\Arco_Normal_mezzo-forte\_Sustains\analysis_results\Arco_Normal_mezzo-forte.xlsx
Violin,_15_,ordinario,mezzo-forte,63,D#4,High,EWSD_score_acoustic_balanced,26.38646208417827,12.91182121552246,35.71589603125562,0.2219750742009314,C:\Users\lmr20\Desktop\Strings\Strings\violin\_15_\Arco_Normal_mezzo-forte\_Sustains\analysis_results\Arco_Normal_mezzo-forte.xlsx
Violin,_15_,ordinario,mezzo-forte,64,E4,High,EWSD_score_acoustic_balanced,22.71053681809462,11.61486371565,33.52458468632107,0.2447240785906562,C:\Users\lmr20\Desktop\Strings\Strings\violin\_15_\Arco_Normal_mezzo-forte\_Sustains\analysis_results\Arco_Normal_mezzo-forte.xlsx
Violin,_15_,ordinario,mezzo-forte,65,F4,High,EWSD_score_acoustic_balanced,18.29870554715577,9.238850637132348,28.52945560587775,0.2683546454546913,C:\Users\lmr20\Desktop\Strings\Strings\violin\_15_\Arco_Normal_mezzo-forte\_Sustains\analysis_results\Arco_Normal_mezzo-forte.xlsx
Violin,_15_,ordinario,mezzo-forte,66,F#4,High,EWSD_score_acoustic_balanced,21.81965041181261,9.994395736509269,32.1667294274047,0.2530170082618343,C:\Users\lmr20\Desktop\Strings\Strings\violin\_15_\Arco_Normal_mezzo-forte\_Sustains\analysis_results\Arco_Normal_mezzo-forte.xlsx
Violin,_15_,ordinario,mezzo-forte,67,G4,High,EWSD_score_acoustic_balanced,19.93245135971,9.27957192784742,30.63553663223039,0.2945355815481621,C:\Users\lmr20\Desktop\Strings\Strings\violin\_15_\Arco_Normal_mezzo-forte\_Sustains\analysis_results\Arco_Normal_mezzo-forte.xlsx
Violin,_15_,ordinario,mezzo-forte,68,G#4,High,EWSD_score_acoustic_balanced,17.22269465025478,8.062112225756508,24.04807313445022,0.2468281662244622,C:\Users\lmr20\Desktop\Strings\Strings\violin\_15_\Arco_Normal_mezzo-forte\_Sustains\analysis_results\Arco_Normal_mezzo-forte.xlsx
Violin,_15_,ordinario,mezzo-forte,70,A#4,High,EWSD_score_acoustic_balanced,11.34371558744684,5.513428237172938,18.44943098817056,0.3105559715058858,C:\Users\lmr20\Desktop\Strings\Strings\violin\_15_\Arco_Normal_mezzo-forte\_Sustains\analysis_results\Arco_Normal_mezzo-forte.xlsx
Violin,_15_,ordinario,mezzo-forte,72,C5,Very high,EWSD_score_acoustic_balanced,12.16986456613119,4.155429736438818,13.77803239293737,0.2027316112383858,C:\Users\lmr20\Desktop\Strings\Strings\violin\_15_\Arco_Normal_mezzo-forte\_Sustains\analysis_results\Arco_Normal_mezzo-forte.xlsx
Violin,_15_,ordinario,mezzo-forte,75,D#5,Very high,EWSD_score_acoustic_balanced,12.91884341519218,5.29823305995479,22.24747049457518,0.3452363982427226,C:\Users\lmr20\Desktop\Strings\Strings\violin\_15_\Arco_Normal_mezzo-forte\_Sustains\analysis_results\Arco_Normal_mezzo-forte.xlsx
Violin,_15_,ordinario,mezzo-forte,76,E5,Very high,EWSD_score_acoustic_balanced,15.71808334573836,6.621676044624654,22.89296838746971,0.2716330322925481,C:\Users\lmr20\Desktop\Strings\Strings\violin\_15_\Arco_Normal_mezzo-forte\_Sustains\analysis_results\Arco_Normal_mezzo-forte.xlsx
Violin,_15_,ordinario,mezzo-forte,77,F5,Very high,EWSD_score_acoustic_balanced,14.60113036657345,4.827758775790169,19.68157601292847,0.2666084329721232,C:\Users\lmr20\Desktop\Strings\Strings\violin\_15_\Arco_Normal_mezzo-forte\_Sustains\analysis_results\Arco_Normal_mezzo-forte.xlsx
Violin,_15_,ordinario,mezzo-forte,80,G#5,Very high,EWSD_score_acoustic_balanced,14.27398233783696,6.947505283823881,21.85573371802931,0.2837727754853711,C:\Users\lmr20\Desktop\Strings\Strings\violin\_15_\Arco_Normal_mezzo-forte\_Sustains\analysis_results\Arco_Normal_mezzo-forte.xlsx
Violin,_15_,ordinario,mezzo-forte,82,A#5,Very high,EWSD_score_acoustic_balanced,10.08620590799928,4.714159365913194,17.30767337143809,0.3398473329994663,C:\Users\lmr20\Desktop\Strings\Strings\violin\_15_\Arco_Normal_mezzo-forte\_Sustains\analysis_results\Arco_Normal_mezzo-forte.xlsx
Violin,_15_,ordinario,mezzo-forte,83,B5,Very high,EWSD_score_acoustic_balanced,9.392795239157705,5.44375919488049,16.91176251285203,0.3351173788492485,C:\Users\lmr20\Desktop\Strings\Strings\violin\_15_\Arco_Normal_mezzo-forte\_Sustains\analysis_results\Arco_Normal_mezzo-forte.xlsx
Violin,_15_,ordinario,mezzo-forte,84,C6,Very high,EWSD_score_acoustic_balanced,6.975978024425237,3.835315870206538,12.77491811860342,0.3439826527251127,C:\Users\lmr20\Desktop\Strings\Strings\violin\_15_\Arco_Normal_mezzo-forte\_Sustains\analysis_results\Arco_Normal_mezzo-forte.xlsx
Violin,_15_,ordinario,mezzo-forte,85,C#6,Very high,EWSD_score_acoustic_balanced,12.79183300857253,6.035376168279036,20.89883091225609,0.3006098829010477,C:\Users\lmr20\Desktop\Strings\Strings\violin\_15_\Arco_Normal_mezzo-forte\_Sustains\analysis_results\Arco_Normal_mezzo-forte.xlsx
Violin,_15_,ordinario,mezzo-forte,86,D6,Very high,EWSD_score_acoustic_balanced,15.57447336292187,6.275271694986055,22.56234467003583,0.2618259693768978,C:\Users\lmr20\Desktop\Strings\Strings\violin\_15_\Arco_Normal_mezzo-forte\_Sustains\analysis_results\Arco_Normal_mezzo-forte.xlsx
Violin,_15_,ordinario,mezzo-forte,87,D#6,Very high,EWSD_score_acoustic_balanced,9.219204085203735,3.563147017347693,16.42807627692264,0.368170796091789,C:\Users\lmr20\Desktop\Strings\Strings\violin\_15_\Arco_Normal_mezzo-forte\_Sustains\analysis_results\Arco_Normal_mezzo-forte.xlsx
Violin,_15_,ordinario,mezzo-forte,88,E6,Very high,EWSD_score_acoustic_balanced,11.65335177014105,4.147902406607153,18.55892815661603,0.3160462362434413,C:\Users\lmr20\Desktop\Strings\Strings\violin\_15_\Arco_Normal_mezzo-forte\_Sustains\analysis_results\Arco_Normal_mezzo-forte.xlsx
Violin,_15_,ordinario,mezzo-forte,90,F#6,Very high,EWSD_score_acoustic_balanced,5.413161199289861,2.930979669574404,11.0887863000052,0.4055058198875607,C:\Users\lmr20\Desktop\Strings\Strings\violin\_15_\Arco_Normal_mezzo-forte\_Sustains\analysis_results\Arco_Normal_mezzo-forte.xlsx
Violin,_15_,ordinario,mezzo-forte,91,G6,Very high,EWSD_score_acoustic_balanced,9.888170324489389,4.058598666024403,12.97664686452465,0.2455287950028993,C:\Users\lmr20\Desktop\Strings\Strings\violin\_15_\Arco_Normal_mezzo-forte\_Sustains\analysis_results\Arco_Normal_mezzo-forte.xlsx
Violin,_15_,ordinario,mezzo-forte,92,G#6,Very high,EWSD_score_acoustic_balanced,8.919791926138865,3.724963917164054,12.22644742406412,0.2649543361605718,C:\Users\lmr20\Desktop\Strings\Strings\violin\_15_\Arco_Normal_mezzo-forte\_Sustains\analysis_results\Arco_Normal_mezzo-forte.xlsx
Violin,_15_,ordinario,mezzo-forte,93,A6,Very high,EWSD_score_acoustic_balanced,8.423307001971343,3.848723306609893,12.153665038181,0.2614989492204177,C:\Users\lmr20\Desktop\Strings\Strings\violin\_15_\Arco_Normal_mezzo-forte\_Sustains\analysis_results\Arco_Normal_mezzo-forte.xlsx
Violin,_15_,ordinario,mezzo-forte,97,C#7,Very high,EWSD_score_acoustic_balanced,5.801691716953311,2.798962769970718,9.969149854825083,0.3548054249684396,C:\Users\lmr20\Desktop\Strings\Strings\violin\_15_\Arco_Normal_mezzo-forte\_Sustains\analysis_results\Arco_Normal_mezzo-forte.xlsx
Violin,_15_,ordinario,mezzo-forte,98,D7,Very high,EWSD_score_acoustic_balanced,6.087035728298063,2.924143894644563,9.97059332820511,0.3148121234887836,C:\Users\lmr20\Desktop\Strings\Strings\violin\_15_\Arco_Normal_mezzo-forte\_Sustains\analysis_results\Arco_Normal_mezzo-forte.xlsx
Violin,_15_,ordinario,mezzo-forte,101,F7,Very high,EWSD_score_acoustic_balanced,4.901577357854855,2.811367628551818,8.421367198935911,0.338659532881696,C:\Users\lmr20\Desktop\Strings\Strings\violin\_15_\Arco_Normal_mezzo-forte\_Sustains\analysis_results\Arco_Normal_mezzo-forte.xlsx
Violin,_15_,ordinario,mezzo-forte,102,F#7,Very high,EWSD_score_acoustic_balanced,4.550386885954799,2.80332148598558,8.338637453849742,0.3397772069358168,C:\Users\lmr20\Desktop\Strings\Strings\violin\_15_\Arco_Normal_mezzo-forte\_Sustains\analysis_results\Arco_Normal_mezzo-forte.xlsx
Violin,_15_,ordinario,mezzo-forte,103,G7,Very high,EWSD_score_acoustic_balanced,6.307203643280652,3.232975564831564,7.359079524524979,0.1928407093966724,C:\Users\lmr20\Desktop\Strings\Strings\violin\_15_\Arco_Normal_mezzo-forte\_Sustains\analysis_results\Arco_Normal_mezzo-forte.xlsx
Violin,_15_,ordinario,mezzo-piano,55,G3,Middle,EWSD_score_acoustic_balanced,35.60720543756818,19.73262497425287,46.84118524992333,0.1965063556724765,C:\Users\lmr20\Desktop\Strings\Strings\violin\_15_\Arco_Normal_mezzo-piano\_Sustains\analysis_results\Arco_Normal_mezzo-piano.xlsx
Violin,_15_,ordinario,mezzo-piano,56,G#3,Middle,EWSD_score_acoustic_balanced,24.94012595691358,11.58427257133868,26.54671719970885,0.1681141955781966,C:\Users\lmr20\Desktop\Strings\Strings\violin\_15_\Arco_Normal_mezzo-piano\_Sustains\analysis_results\Arco_Normal_mezzo-piano.xlsx
Violin,_15_,ordinario,mezzo-piano,58,A#3,Middle,EWSD_score_acoustic_balanced,19.61345859536831,10.30175726863224,28.54004366309593,0.2457815157601076,C:\Users\lmr20\Desktop\Strings\Strings\violin\_15_\Arco_Normal_mezzo-piano\_Sustains\analysis_results\Arco_Normal_mezzo-piano.xlsx
Violin,_15_,ordinario,mezzo-piano,59,B3,Middle,EWSD_score_acoustic_balanced,22.66075687863725,9.059073507007698,31.66611032015532,0.2529757017697686,C:\Users\lmr20\Desktop\Strings\Strings\violin\_15_\Arco_Normal_mezzo-piano\_Sustains\analysis_results\Arco_Normal_mezzo-piano.xlsx
Violin,_15_,ordinario,mezzo-piano,60,C4,High,EWSD_score_acoustic_balanced,13.77854486656677,5.215656499917873,21.89731217202813,0.3179776538809989,C:\Users\lmr20\Desktop\Strings\Strings\violin\_15_\Arco_Normal_mezzo-piano\_Sustains\analysis_results\Arco_Normal_mezzo-piano.xlsx
Violin,_15_,ordinario,mezzo-piano,61,C#4,High,EWSD_score_acoustic_balanced,21.79680369342503,7.245747168119833,26.5258844253961,0.2293910729694909,C:\Users\lmr20\Desktop\Strings\Strings\violin\_15_\Arco_Normal_mezzo-piano\_Sustains\analysis_results\Arco_Normal_mezzo-piano.xlsx
Violin,_15_,ordinario,mezzo-piano,62,D4,High,EWSD_score_acoustic_balanced,24.63735840632171,11.3608429384485,32.98377253776446,0.2334420012597508,C:\Users\lmr20\Desktop\Strings\Strings\violin\_15_\Arco_Normal_mezzo-piano\_Sustains\analysis_results\Arco_Normal_mezzo-piano.xlsx
Violin,_15_,ordinario,mezzo-piano,64,E4,High,EWSD_score_acoustic_balanced,22.50675450594077,9.09817377796826,29.74018724189955,0.2401934672666949,C:\Users\lmr20\Desktop\Strings\Strings\violin\_15_\Arco_Normal_mezzo-piano\_Sustains\analysis_results\Arco_Normal_mezzo-piano.xlsx
Violin,_15_,ordinario,mezzo-piano,65,F4,High,EWSD_score_acoustic_balanced,19.9200208367188,10.1610813416715,28.37620351497408,0.2314032353306739,C:\Users\lmr20\Desktop\Strings\Strings\violin\_15_\Arco_Normal_mezzo-piano\_Sustains\analysis_results\Arco_Normal_mezzo-piano.xlsx
Violin,_15_,ordinario,mezzo-piano,66,F#4,High,EWSD_score_acoustic_balanced,20.58334061797357,7.336108874454071,26.38534483555499,0.2442748781905406,C:\Users\lmr20\Desktop\Strings\Strings\violin\_15_\Arco_Normal_mezzo-piano\_Sustains\analysis_results\Arco_Normal_mezzo-piano.xlsx
Violin,_15_,ordinario,mezzo-piano,66,F#4,High,EWSD_score_acoustic_balanced,20.58334061797357,7.336108874454071,26.38534483555499,0.2442748781905406,C:\Users\lmr20\Desktop\Strings\Strings\violin\_15_\Arco_Normal_mezzo-piano\_Sustains\analysis_results\Arco_Normal_mezzo-piano.xlsx
Violin,_15_,ordinario,mezzo-piano,67,G4,High,EWSD_score_acoustic_balanced,25.01250488202232,10.04750062469238,32.69194317956527,0.2373737344875531,C:\Users\lmr20\Desktop\Strings\Strings\violin\_15_\Arco_Normal_mezzo-piano\_Sustains\analysis_results\Arco_Normal_mezzo-piano.xlsx
Violin,_15_,ordinario,mezzo-piano,69,A4,High,EWSD_score_acoustic_balanced,13.37769433944813,4.397400274873507,22.02537053951852,0.3482854100562627,C:\Users\lmr20\Desktop\Strings\Strings\violin\_15_\Arco_Normal_mezzo-piano\_Sustains\analysis_results\Arco_Normal_mezzo-piano.xlsx
Violin,_15_,ordinario,mezzo-piano,70,A#4,High,EWSD_score_acoustic_balanced,13.34605156372356,6.370627807302292,21.60843934844568,0.3024817667919515,C:\Users\lmr20\Desktop\Strings\Strings\violin\_15_\Arco_Normal_mezzo-piano\_Sustains\analysis_results\Arco_Normal_mezzo-piano.xlsx
Violin,_15_,ordinario,mezzo-piano,71,B4,High,EWSD_score_acoustic_balanced,15.61409064863412,7.365831890125532,24.96984715714049,0.3058102074892876,C:\Users\lmr20\Desktop\Strings\Strings\violin\_15_\Arco_Normal_mezzo-piano\_Sustains\analysis_results\Arco_Normal_mezzo-piano.xlsx
Violin,_15_,ordinario,mezzo-piano,72,C5,Very high,EWSD_score_acoustic_balanced,11.73322455718073,4.58046235239994,15.69905156678102,0.2665936135812744,C:\Users\lmr20\Desktop\Strings\Strings\violin\_15_\Arco_Normal_mezzo-piano\_Sustains\analysis_results\Arco_Normal_mezzo-piano.xlsx
Violin,_15_,ordinario,mezzo-piano,74,D5,Very high,EWSD_score_acoustic_balanced,12.58138538713981,3.826012471249672,13.30407863379271,0.2375607319459428,C:\Users\lmr20\Desktop\Strings\Strings\violin\_15_\Arco_Normal_mezzo-piano\_Sustains\analysis_results\Arco_Normal_mezzo-piano.xlsx
Violin,_15_,ordinario,mezzo-piano,75,D#5,Very high,EWSD_score_acoustic_balanced,15.13074300654549,5.002445083821551,20.57573500681617,0.2693329940849659,C:\Users\lmr20\Desktop\Strings\Strings\violin\_15_\Arco_Normal_mezzo-piano\_Sustains\analysis_results\Arco_Normal_mezzo-piano.xlsx
Violin,_15_,ordinario,mezzo-piano,76,E5,Very high,EWSD_score_acoustic_balanced,12.96578441759758,4.344321230802071,13.34815097623106,0.1866754227260983,C:\Users\lmr20\Desktop\Strings\Strings\violin\_15_\Arco_Normal_mezzo-piano\_Sustains\analysis_results\Arco_Normal_mezzo-piano.xlsx
Violin,_15_,ordinario,mezzo-piano,76,E5,Very high,EWSD_score_acoustic_balanced,12.96578441759758,4.344321230802071,13.34815097623106,0.1866754227260983,C:\Users\lmr20\Desktop\Strings\Strings\violin\_15_\Arco_Normal_mezzo-piano\_Sustains\analysis_results\Arco_Normal_mezzo-piano.xlsx
Violin,_15_,ordinario,mezzo-piano,80,G#5,Very high,EWSD_score_acoustic_balanced,9.385122107548764,3.787345860866592,14.21292088031042,0.313455387905574,C:\Users\lmr20\Desktop\Strings\Strings\violin\_15_\Arco_Normal_mezzo-piano\_Sustains\analysis_results\Arco_Normal_mezzo-piano.xlsx
Violin,_15_,ordinario,mezzo-piano,80,G#5,Very high,EWSD_score_acoustic_balanced,9.385122107548764,3.787345860866592,14.21292088031042,0.313455387905574,C:\Users\lmr20\Desktop\Strings\Strings\violin\_15_\Arco_Normal_mezzo-piano\_Sustains\analysis_results\Arco_Normal_mezzo-piano.xlsx
Violin,_15_,ordinario,mezzo-piano,81,A5,Very high,EWSD_score_acoustic_balanced,10.97301463496201,3.841856878308697,17.21078848283677,0.3583187973881246,C:\Users\lmr20\Desktop\Strings\Strings\violin\_15_\Arco_Normal_mezzo-piano\_Sustains\analysis_results\Arco_Normal_mezzo-piano.xlsx
Violin,_15_,ordinario,mezzo-piano,82,A#5,Very high,EWSD_score_acoustic_balanced,6.060073400699186,3.019605560907549,12.41565833793941,0.4449035940173333,C:\Users\lmr20\Desktop\Strings\Strings\violin\_15_\Arco_Normal_mezzo-piano\_Sustains\analysis_results\Arco_Normal_mezzo-piano.xlsx
Violin,_15_,ordinario,mezzo-piano,82,A#5,Very high,EWSD_score_acoustic_balanced,6.060073400699186,3.019605560907549,12.41565833793941,0.4449035940173333,C:\Users\lmr20\Desktop\Strings\Strings\violin\_15_\Arco_Normal_mezzo-piano\_Sustains\analysis_results\Arco_Normal_mezzo-piano.xlsx
Violin,_15_,ordinario,mezzo-piano,83,B5,Very high,EWSD_score_acoustic_balanced,8.288336354784748,3.312267428363707,16.51778104123974,0.4422828681650453,C:\Users\lmr20\Desktop\Strings\Strings\violin\_15_\Arco_Normal_mezzo-piano\_Sustains\analysis_results\Arco_Normal_mezzo-piano.xlsx
Violin,_15_,ordinario,mezzo-piano,85,C#6,Very high,EWSD_score_acoustic_balanced,10.82814839878362,3.786521260092933,20.01928580175518,0.3759269855677221,C:\Users\lmr20\Desktop\Strings\Strings\violin\_15_\Arco_Normal_mezzo-piano\_Sustains\analysis_results\Arco_Normal_mezzo-piano.xlsx
Violin,_15_,ordinario,mezzo-piano,86,D6,Very high,EWSD_score_acoustic_balanced,13.61515128519275,5.314606451863923,21.80350034667397,0.3075958837897625,C:\Users\lmr20\Desktop\Strings\Strings\violin\_15_\Arco_Normal_mezzo-piano\_Sustains\analysis_results\Arco_Normal_mezzo-piano.xlsx
Violin,_15_,ordinario,mezzo-piano,91,G6,Very high,EWSD_score_acoustic_balanced,8.197659230921085,3.593052138644934,10.91160484809668,0.2506964885983789,C:\Users\lmr20\Desktop\Strings\Strings\violin\_15_\Arco_Normal_mezzo-piano\_Sustains\analysis_results\Arco_Normal_mezzo-piano.xlsx
Violin,_15_,ordinario,mezzo-piano,93,A6,Very high,EWSD_score_acoustic_balanced,8.825733129181137,3.290463261736568,12.87168888833257,0.2837883738687919,C:\Users\lmr20\Desktop\Strings\Strings\violin\_15_\Arco_Normal_mezzo-piano\_Sustains\analysis_results\Arco_Normal_mezzo-piano.xlsx
Violin,_15_,ordinario,pianissimo,55,G3,Middle,EWSD_score_acoustic_balanced,36.36753246273631,18.7072395975188,49.34550322311996,0.2151989049715677,C:\Users\lmr20\Desktop\Strings\Strings\violin\_15_\Arco_Normal_pianissimo\_Sustains\analysis_results\Arco_Normal_pianissimo.xlsx
Violin,_15_,ordinario,pianissimo,56,G#3,Middle,EWSD_score_acoustic_balanced,26.17361489128213,9.405696177460989,30.45065791449919,0.1989260113468395,C:\Users\lmr20\Desktop\Strings\Strings\violin\_15_\Arco_Normal_pianissimo\_Sustains\analysis_results\Arco_Normal_pianissimo.xlsx
Violin,_15_,ordinario,pianissimo,57,A3,Middle,EWSD_score_acoustic_balanced,33.55306496554542,9.310251989878504,32.913185412431,0.185982300513461,C:\Users\lmr20\Desktop\Strings\Strings\violin\_15_\Arco_Normal_pianissimo\_Sustains\analysis_results\Arco_Normal_pianissimo.xlsx
Violin,_15_,ordinario,pianissimo,58,A#3,Middle,EWSD_score_acoustic_balanced,16.49045971116926,7.89891225736456,24.31068161862074,0.2621823840723047,C:\Users\lmr20\Desktop\Strings\Strings\violin\_15_\Arco_Normal_pianissimo\_Sustains\analysis_results\Arco_Normal_pianissimo.xlsx
Violin,_15_,ordinario,pianissimo,65,F4,High,EWSD_score_acoustic_balanced,18.82122155159589,6.94414204490826,26.43788604191655,0.2705403676718388,C:\Users\lmr20\Desktop\Strings\Strings\violin\_15_\Arco_Normal_pianissimo\_Sustains\analysis_results\Arco_Normal_pianissimo.xlsx
Violin,_15_,ordinario,pianissimo,66,F#4,High,EWSD_score_acoustic_balanced,19.54888751886631,5.788001216071827,22.20395372996412,0.2184251765205676,C:\Users\lmr20\Desktop\Strings\Strings\violin\_15_\Arco_Normal_pianissimo\_Sustains\analysis_results\Arco_Normal_pianissimo.xlsx
Violin,_15_,ordinario,pianissimo,67,G4,High,EWSD_score_acoustic_balanced,19.29482996653654,4.889685135499498,21.58868516184863,0.25073430434864,C:\Users\lmr20\Desktop\Strings\Strings\violin\_15_\Arco_Normal_pianissimo\_Sustains\analysis_results\Arco_Normal_pianissimo.xlsx
Violin,_15_,ordinario,pianissimo,68,G#4,High,EWSD_score_acoustic_balanced,17.90550169917478,4.888754979784099,22.98642554671699,0.2743801323977044,C:\Users\lmr20\Desktop\Strings\Strings\violin\_15_\Arco_Normal_pianissimo\_Sustains\analysis_results\Arco_Normal_pianissimo.xlsx
Violin,_15_,ordinario,pianissimo,70,A#4,High,EWSD_score_acoustic_balanced,9.91692031299687,4.136058436932793,16.41799621560415,0.3424450036853163,C:\Users\lmr20\Desktop\Strings\Strings\violin\_15_\Arco_Normal_pianissimo\_Sustains\analysis_results\Arco_Normal_pianissimo.xlsx
Violin,_15_,ordinario,pianissimo,71,B4,High,EWSD_score_acoustic_balanced,14.80002771111015,4.964194113745465,23.12351901281585,0.3130435542507483,C:\Users\lmr20\Desktop\Strings\Strings\violin\_15_\Arco_Normal_pianissimo\_Sustains\analysis_results\Arco_Normal_pianissimo.xlsx
Violin,_15_,ordinario,pianissimo,72,C5,Very high,EWSD_score_acoustic_balanced,9.64826960601657,3.385613301458305,14.85995898396703,0.3309771709852866,C:\Users\lmr20\Desktop\Strings\Strings\violin\_15_\Arco_Normal_pianissimo\_Sustains\analysis_results\Arco_Normal_pianissimo.xlsx
Violin,_15_,ordinario,pianissimo,73,C#5,Very high,EWSD_score_acoustic_balanced,11.44442281453829,3.738031613463466,16.88986110923837,0.3184468643884499,C:\Users\lmr20\Desktop\Strings\Strings\violin\_15_\Arco_Normal_pianissimo\_Sustains\analysis_results\Arco_Normal_pianissimo.xlsx
Violin,_15_,ordinario,pianissimo,74,D5,Very high,EWSD_score_acoustic_balanced,10.6666333411772,3.505945394364589,15.50375867736359,0.3172220113466813,C:\Users\lmr20\Desktop\Strings\Strings\violin\_15_\Arco_Normal_pianissimo\_Sustains\analysis_results\Arco_Normal_pianissimo.xlsx
Violin,_15_,ordinario,pianissimo,76,E5,Very high,EWSD_score_acoustic_balanced,11.56021909209979,4.254701003894331,13.56460788269606,0.2074589340892521,C:\Users\lmr20\Desktop\Strings\Strings\violin\_15_\Arco_Normal_pianissimo\_Sustains\analysis_results\Arco_Normal_pianissimo.xlsx
Violin,_15_,ordinario,pianissimo,77,F5,Very high,EWSD_score_acoustic_balanced,10.77771439238764,3.870069624206661,18.75616852054419,0.3678247617306181,C:\Users\lmr20\Desktop\Strings\Strings\violin\_15_\Arco_Normal_pianissimo\_Sustains\analysis_results\Arco_Normal_pianissimo.xlsx
Violin,_15_,ordinario,pianissimo,79,G5,Very high,EWSD_score_acoustic_balanced,9.024398479566331,3.363963696166123,15.79945177811476,0.3691363171405398,C:\Users\lmr20\Desktop\Strings\Strings\violin\_15_\Arco_Normal_pianissimo\_Sustains\analysis_results\Arco_Normal_pianissimo.xlsx
Violin,_15_,ordinario,pianissimo,81,A5,Very high,EWSD_score_acoustic_balanced,9.992713741319491,3.936429544315579,13.87294172202205,0.271145257915939,C:\Users\lmr20\Desktop\Strings\Strings\violin\_15_\Arco_Normal_pianissimo\_Sustains\analysis_results\Arco_Normal_pianissimo.xlsx
Violin,_15_,ordinario,pianissimo,83,B5,Very high,EWSD_score_acoustic_balanced,6.882719555596517,2.895692517718536,13.23356781018814,0.4179161632696534,C:\Users\lmr20\Desktop\Strings\Strings\violin\_15_\Arco_Normal_pianissimo\_Sustains\analysis_results\Arco_Normal_pianissimo.xlsx
Violin,_15_,ordinario,pianissimo,86,D6,Very high,EWSD_score_acoustic_balanced,11.15070442359854,4.246652867769554,12.10594744138656,0.20096702942884,C:\Users\lmr20\Desktop\Strings\Strings\violin\_15_\Arco_Normal_pianissimo\_Sustains\analysis_results\Arco_Normal_pianissimo.xlsx
Violin,_15_,ordinario,pianissimo,87,D#6,Very high,EWSD_score_acoustic_balanced,8.981647873953346,3.78363253599368,13.94497285815713,0.3095036729453821,C:\Users\lmr20\Desktop\Strings\Strings\violin\_15_\Arco_Normal_pianissimo\_Sustains\analysis_results\Arco_Normal_pianissimo.xlsx
Violin,_15_,ordinario,pianissimo,88,E6,Very high,EWSD_score_acoustic_balanced,7.856360481121444,3.514966869100936,13.54647140465688,0.3494252432501035,C:\Users\lmr20\Desktop\Strings\Strings\violin\_15_\Arco_Normal_pianissimo\_Sustains\analysis_results\Arco_Normal_pianissimo.xlsx
Violin,_15_,ordinario,pianissimo,89,F6,Very high,EWSD_score_acoustic_balanced,7.112145528217689,3.132834035148223,10.53711108973861,0.3031093037607541,C:\Users\lmr20\Desktop\Strings\Strings\violin\_15_\Arco_Normal_pianissimo\_Sustains\analysis_results\Arco_Normal_pianissimo.xlsx
Violin,_15_,ordinario,pianissimo,90,F#6,Very high,EWSD_score_acoustic_balanced,5.397885942979125,2.448087707266616,9.616222252010584,0.3706089142801719,C:\Users\lmr20\Desktop\Strings\Strings\violin\_15_\Arco_Normal_pianissimo\_Sustains\analysis_results\Arco_Normal_pianissimo.xlsx
Violin,_15_,ordinario,pianissimo,91,G6,Very high,EWSD_score_acoustic_balanced,4.524560198098944,2.835296449297283,8.041573581308135,0.2955110441938764,C:\Users\lmr20\Desktop\Strings\Strings\violin\_15_\Arco_Normal_pianissimo\_Sustains\analysis_results\Arco_Normal_pianissimo.xlsx
Violin,_15_,ordinario,pianissimo,93,A6,Very high,EWSD_score_acoustic_balanced,6.807324131523881,3.564041489011053,8.82186168799441,0.2198032066765485,C:\Users\lmr20\Desktop\Strings\Strings\violin\_15_\Arco_Normal_pianissimo\_Sustains\analysis_results\Arco_Normal_pianissimo.xlsx
Violin,_15_,ordinario,pianissimo,94,A#6,Very high,EWSD_score_acoustic_balanced,5.497738008080077,3.697153445966053,6.054057995914699,0.1169667228430041,C:\Users\lmr20\Desktop\Strings\Strings\violin\_15_\Arco_Normal_pianissimo\_Sustains\analysis_results\Arco_Normal_pianissimo.xlsx
Violin,_15_,ordinario,pianissimo,95,B6,Very high,EWSD_score_acoustic_balanced,4.518563021649288,2.608513034810233,7.929796754608073,0.3250367599317556,C:\Users\lmr20\Desktop\Strings\Strings\violin\_15_\Arco_Normal_pianissimo\_Sustains\analysis_results\Arco_Normal_pianissimo.xlsx
Violin,_15_,ordinario,pianissimo,96,C7,Very high,EWSD_score_acoustic_balanced,4.07691282996328,2.773898130164565,6.987828791031952,0.2782610629759409,C:\Users\lmr20\Desktop\Strings\Strings\violin\_15_\Arco_Normal_pianissimo\_Sustains\analysis_results\Arco_Normal_pianissimo.xlsx
Violin,_15_,ordinario,pianissimo,98,D7,Very high,EWSD_score_acoustic_balanced,5.760114249432145,3.497665886078742,7.140631010682572,0.1840594268680299,C:\Users\lmr20\Desktop\Strings\Strings\violin\_15_\Arco_Normal_pianissimo\_Sustains\analysis_results\Arco_Normal_pianissimo.xlsx
Violin,_15_,ordinario,pianissimo,100,E7,Very high,EWSD_score_acoustic_balanced,4.37095475815604,3.721109886418373,4.744647287905237,0.0697117563716586,C:\Users\lmr20\Desktop\Strings\Strings\violin\_15_\Arco_Normal_pianissimo\_Sustains\analysis_results\Arco_Normal_pianissimo.xlsx
Violin,_15_,ordinario,pianissimo,101,F7,Very high,EWSD_score_acoustic_balanced,4.630918085618722,3.396604831272402,6.305340704193499,0.1911706326259509,C:\Users\lmr20\Desktop\Strings\Strings\violin\_15_\Arco_Normal_pianissimo\_Sustains\analysis_results\Arco_Normal_pianissimo.xlsx
Violin,_15_,ordinario,pianissimo,102,F#7,Very high,EWSD_score_acoustic_balanced,4.903243372640486,3.195822717680453,7.560020828254178,0.2418849570259122,C:\Users\lmr20\Desktop\Strings\Strings\violin\_15_\Arco_Normal_pianissimo\_Sustains\analysis_results\Arco_Normal_pianissimo.xlsx
Violin,_15_,ordinario,pianissimo,103,G7,Very high,EWSD_score_acoustic_balanced,4.406454283931345,3.975247401243591,4.669564273196039,0.0412590429229978,C:\Users\lmr20\Desktop\Strings\Strings\violin\_15_\Arco_Normal_pianissimo\_Sustains\analysis_results\Arco_Normal_pianissimo.xlsx
Violin,_15_,ordinario,piano,55,G3,Middle,EWSD_score_acoustic_balanced,35.07141104378886,16.97603049502473,48.99512083650964,0.2236181823879594,C:\Users\lmr20\Desktop\Strings\Strings\violin\_15_\Arco_Normal_piano\_Sustains\analysis_results\Arco_Normal_piano.xlsx
Violin,_15_,ordinario,piano,56,G#3,Middle,EWSD_score_acoustic_balanced,28.32762260374315,13.66235654502245,33.76831600012701,0.1923803132548693,C:\Users\lmr20\Desktop\Strings\Strings\violin\_15_\Arco_Normal_piano\_Sustains\analysis_results\Arco_Normal_piano.xlsx
Violin,_15_,ordinario,piano,57,A3,Middle,EWSD_score_acoustic_balanced,32.54734227839292,11.6171048501127,34.8408618682062,0.1826277007449797,C:\Users\lmr20\Desktop\Strings\Strings\violin\_15_\Arco_Normal_piano\_Sustains\analysis_results\Arco_Normal_piano.xlsx
Violin,_15_,ordinario,piano,58,A#3,Middle,EWSD_score_acoustic_balanced,12.60590542182686,5.042518047192387,20.52588294381247,0.3417659823959913,C:\Users\lmr20\Desktop\Strings\Strings\violin\_15_\Arco_Normal_piano\_Sustains\analysis_results\Arco_Normal_piano.xlsx
Violin,_15_,ordinario,piano,61,C#4,High,EWSD_score_acoustic_balanced,11.70993853958896,3.934110377579162,18.14435508445283,0.3372711294006216,C:\Users\lmr20\Desktop\Strings\Strings\violin\_15_\Arco_Normal_piano\_Sustains\analysis_results\Arco_Normal_piano.xlsx
Violin,_15_,ordinario,piano,62,D4,High,EWSD_score_acoustic_balanced,19.70502335680938,5.733997255864112,25.33028143347791,0.2584015872499164,C:\Users\lmr20\Desktop\Strings\Strings\violin\_15_\Arco_Normal_piano\_Sustains\analysis_results\Arco_Normal_piano.xlsx
Violin,_15_,ordinario,piano,64,E4,High,EWSD_score_acoustic_balanced,23.0718306048748,8.814666020664102,28.62518860386842,0.2249824725681326,C:\Users\lmr20\Desktop\Strings\Strings\violin\_15_\Arco_Normal_piano\_Sustains\analysis_results\Arco_Normal_piano.xlsx
Violin,_15_,ordinario,piano,77,F5,Very high,EWSD_score_acoustic_balanced,12.94873732179947,4.623766527839004,18.9596494639114,0.2944065878507481,C:\Users\lmr20\Desktop\Strings\Strings\violin\_15_\Arco_Normal_piano\_Sustains\analysis_results\Arco_Normal_piano.xlsx
Violin,_15_,ordinario,piano,80,G#5,Very high,EWSD_score_acoustic_balanced,9.338380895433238,3.784040731743024,15.0339290432016,0.3290365939625453,C:\Users\lmr20\Desktop\Strings\Strings\violin\_15_\Arco_Normal_piano\_Sustains\analysis_results\Arco_Normal_piano.xlsx
Violin,_15_,ordinario,piano,84,C6,Very high,EWSD_score_acoustic_balanced,5.554032797987514,2.540890881259048,11.34341782375892,0.4471714235738106,C:\Users\lmr20\Desktop\Strings\Strings\violin\_15_\Arco_Normal_piano\_Sustains\analysis_results\Arco_Normal_piano.xlsx
Violin,_15_,ordinario,piano,85,C#6,Very high,EWSD_score_acoustic_balanced,7.693667717793178,3.494633356596899,14.4094821273083,0.3765757779184324,C:\Users\lmr20\Desktop\Strings\Strings\violin\_15_\Arco_Normal_piano\_Sustains\analysis_results\Arco_Normal_piano.xlsx
Violin,_15_,ordinario,piano,86,D6,Very high,EWSD_score_acoustic_balanced,8.830108591632872,4.128538249800306,10.02382434512677,0.1774052274958794,C:\Users\lmr20\Desktop\Strings\Strings\violin\_15_\Arco_Normal_piano\_Sustains\analysis_results\Arco_Normal_piano.xlsx
Violin,_15_,ordinario,piano,88,E6,Very high,EWSD_score_acoustic_balanced,9.083509539247183,3.847065594105608,12.03251370134833,0.2448568319700321,C:\Users\lmr20\Desktop\Strings\Strings\violin\_15_\Arco_Normal_piano\_Sustains\analysis_results\Arco_Normal_piano.xlsx
Violin,_15_,ordinario,piano,93,A6,Very high,EWSD_score_acoustic_balanced,6.104660467392318,3.081466881247876,8.3565839494635,0.2394570839622324,C:\Users\lmr20\Desktop\Strings\Strings\violin\_15_\Arco_Normal_piano\_Sustains\analysis_results\Arco_Normal_piano.xlsx
Violin,_15_,ordinario,piano,94,A#6,Very high,EWSD_score_acoustic_balanced,5.151561885107367,2.831504688377708,10.02907092397723,0.377954339367896,C:\Users\lmr20\Desktop\Strings\Strings\violin\_15_\Arco_Normal_piano\_Sustains\analysis_results\Arco_Normal_piano.xlsx
Violin,_15_,ordinario,piano,95,B6,Very high,EWSD_score_acoustic_balanced,5.768777505080215,2.827219856431226,10.25752196255713,0.3461032940257042,C:\Users\lmr20\Desktop\Strings\Strings\violin\_15_\Arco_Normal_piano\_Sustains\analysis_results\Arco_Normal_piano.xlsx
Violin,_15_,ordinario,piano,97,C#7,Very high,EWSD_score_acoustic_balanced,5.585028536812862,3.248010274455206,9.062606672419568,0.2803171998385158,C:\Users\lmr20\Desktop\Strings\Strings\violin\_15_\Arco_Normal_piano\_Sustains\analysis_results\Arco_Normal_piano.xlsx
Violin,_15_,ordinario,piano,99,D#7,Very high,EWSD_score_acoustic_balanced,3.182876148434876,2.251829343220123,8.06167975690325,0.4758898838542049,C:\Users\lmr20\Desktop\Strings\Strings\violin\_15_\Arco_Normal_piano\_Sustains\analysis_results\Arco_Normal_piano.xlsx
Violin,_15_,ordinario,piano,100,E7,Very high,EWSD_score_acoustic_balanced,4.686600205258776,3.429454621524611,6.170789274613059,0.1669182371584612,C:\Users\lmr20\Desktop\Strings\Strings\violin\_15_\Arco_Normal_piano\_Sustains\analysis_results\Arco_Normal_piano.xlsx
Violin,_15_,ordinario,piano,101,F7,Very high,EWSD_score_acoustic_balanced,4.356960740308736,3.134211590451882,6.683167260789001,0.2164236181662185,C:\Users\lmr20\Desktop\Strings\Strings\violin\_15_\Arco_Normal_piano\_Sustains\analysis_results\Arco_Normal_piano.xlsx
Violin,_15_,ordinario,piano,102,F#7,Very high,EWSD_score_acoustic_balanced,4.976438367672426,3.804314912907137,4.790732670653573,0.0613233102286561,C:\Users\lmr20\Desktop\Strings\Strings\violin\_15_\Arco_Normal_piano\_Sustains\analysis_results\Arco_Normal_piano.xlsx
Violin,_1_,ordinario,forte,55,G3,Middle,EWSD_score_acoustic_balanced,46.66570448982969,30.78035724349459,62.97334093445142,0.1849492938456048,C:\Users\lmr20\Desktop\Strings\Strings\violin\_1_\ARCO_Normal_forte\_Sustains\analysis_results\ARCO_Normal_forte.xlsx
Violin,_1_,ordinario,forte,56,G#3,Middle,EWSD_score_acoustic_balanced,29.95023178922796,18.55429643976327,39.43128633013778,0.1861485451714013,C:\Users\lmr20\Desktop\Strings\Strings\violin\_1_\ARCO_Normal_forte\_Sustains\analysis_results\ARCO_Normal_forte.xlsx
Violin,_1_,ordinario,forte,57,A3,Middle,EWSD_score_acoustic_balanced,26.9088151135595,16.36490476829502,34.99479729326654,0.1798578403893558,C:\Users\lmr20\Desktop\Strings\Strings\violin\_1_\ARCO_Normal_forte\_Sustains\analysis_results\ARCO_Normal_forte.xlsx
Violin,_1_,ordinario,forte,59,B3,Middle,EWSD_score_acoustic_balanced,23.94081368579786,16.21453881924432,34.98504945226657,0.2052842158207994,C:\Users\lmr20\Desktop\Strings\Strings\violin\_1_\ARCO_Normal_forte\_Sustains\analysis_results\ARCO_Normal_forte.xlsx
Violin,_1_,ordinario,forte,60,C4,High,EWSD_score_acoustic_balanced,20.89652853158604,12.77608356077402,27.439281859143,0.1775205561732119,C:\Users\lmr20\Desktop\Strings\Strings\violin\_1_\ARCO_Normal_forte\_Sustains\analysis_results\ARCO_Normal_forte.xlsx
Violin,_1_,ordinario,forte,62,D4,High,EWSD_score_acoustic_balanced,23.0596434189578,13.88769062632197,33.43175658093664,0.2203113880107189,C:\Users\lmr20\Desktop\Strings\Strings\violin\_1_\ARCO_Normal_forte\_Sustains\analysis_results\ARCO_Normal_forte.xlsx
Violin,_1_,ordinario,forte,63,D#4,High,EWSD_score_acoustic_balanced,24.91801051470652,14.22586785914558,35.18530307618614,0.2175469428675531,C:\Users\lmr20\Desktop\Strings\Strings\violin\_1_\ARCO_Normal_forte\_Sustains\analysis_results\ARCO_Normal_forte.xlsx
Violin,_1_,ordinario,forte,65,F4,High,EWSD_score_acoustic_balanced,20.68041137357135,13.02462661306217,30.00266207733889,0.2178657468350887,C:\Users\lmr20\Desktop\Strings\Strings\violin\_1_\ARCO_Normal_forte\_Sustains\analysis_results\ARCO_Normal_forte.xlsx
Violin,_1_,ordinario,forte,66,F#4,High,EWSD_score_acoustic_balanced,20.66041705229332,12.18889337660027,32.26827916978465,0.2567435117695964,C:\Users\lmr20\Desktop\Strings\Strings\violin\_1_\ARCO_Normal_forte\_Sustains\analysis_results\ARCO_Normal_forte.xlsx
Violin,_1_,ordinario,forte,67,G4,High,EWSD_score_acoustic_balanced,21.29720317705536,12.19428462533588,33.52140953239017,0.2584678413929137,C:\Users\lmr20\Desktop\Strings\Strings\violin\_1_\ARCO_Normal_forte\_Sustains\analysis_results\ARCO_Normal_forte.xlsx
Violin,_1_,ordinario,forte,68,G#4,High,EWSD_score_acoustic_balanced,15.00476266297951,8.544690862643728,25.407599939947,0.2942021604280295,C:\Users\lmr20\Desktop\Strings\Strings\violin\_1_\ARCO_Normal_forte\_Sustains\analysis_results\ARCO_Normal_forte.xlsx
Violin,_1_,ordinario,forte,70,A#4,High,EWSD_score_acoustic_balanced,13.39908422328322,7.572188722489422,22.19326438945933,0.2749674371781876,C:\Users\lmr20\Desktop\Strings\Strings\violin\_1_\ARCO_Normal_forte\_Sustains\analysis_results\ARCO_Normal_forte.xlsx
Violin,_1_,ordinario,forte,71,B4,High,EWSD_score_acoustic_balanced,15.78172990396034,7.907711478776965,25.12781786450278,0.2888807368597232,C:\Users\lmr20\Desktop\Strings\Strings\violin\_1_\ARCO_Normal_forte\_Sustains\analysis_results\ARCO_Normal_forte.xlsx
Violin,_1_,ordinario,forte,73,C#5,Very high,EWSD_score_acoustic_balanced,13.84909236552349,7.732871277486783,21.2566966881868,0.2622295794930384,C:\Users\lmr20\Desktop\Strings\Strings\violin\_1_\ARCO_Normal_forte\_Sustains\analysis_results\ARCO_Normal_forte.xlsx
Violin,_1_,ordinario,forte,74,D5,Very high,EWSD_score_acoustic_balanced,14.53605165973677,7.661929017724863,21.28995479599339,0.2377694258680421,C:\Users\lmr20\Desktop\Strings\Strings\violin\_1_\ARCO_Normal_forte\_Sustains\analysis_results\ARCO_Normal_forte.xlsx
Violin,_1_,ordinario,forte,75,D#5,Very high,EWSD_score_acoustic_balanced,13.83073425708651,6.332319060831016,21.5837913128999,0.2999971907919308,C:\Users\lmr20\Desktop\Strings\Strings\violin\_1_\ARCO_Normal_forte\_Sustains\analysis_results\ARCO_Normal_forte.xlsx
Violin,_1_,ordinario,forte,76,E5,Very high,EWSD_score_acoustic_balanced,16.73581414270754,7.888599234580917,24.6851280367372,0.2595526212940408,C:\Users\lmr20\Desktop\Strings\Strings\violin\_1_\ARCO_Normal_forte\_Sustains\analysis_results\ARCO_Normal_forte.xlsx
Violin,_1_,ordinario,forte,77,F5,Very high,EWSD_score_acoustic_balanced,12.88982772542349,6.300346225669112,22.5549337055315,0.3246912938513475,C:\Users\lmr20\Desktop\Strings\Strings\violin\_1_\ARCO_Normal_forte\_Sustains\analysis_results\ARCO_Normal_forte.xlsx
Violin,_1_,ordinario,forte,78,F#5,Very high,EWSD_score_acoustic_balanced,13.05816122723427,7.272867925611473,21.0102936964788,0.2786082493420481,C:\Users\lmr20\Desktop\Strings\Strings\violin\_1_\ARCO_Normal_forte\_Sustains\analysis_results\ARCO_Normal_forte.xlsx
Violin,_1_,ordinario,forte,79,G5,Very high,EWSD_score_acoustic_balanced,13.01214367822728,7.922613605120061,21.47944953913026,0.271307557082869,C:\Users\lmr20\Desktop\Strings\Strings\violin\_1_\ARCO_Normal_forte\_Sustains\analysis_results\ARCO_Normal_forte.xlsx
Violin,_1_,ordinario,forte,80,G#5,Very high,EWSD_score_acoustic_balanced,11.26812867011401,5.543816299220074,20.76020109921259,0.3457625763751405,C:\Users\lmr20\Desktop\Strings\Strings\violin\_1_\ARCO_Normal_forte\_Sustains\analysis_results\ARCO_Normal_forte.xlsx
Violin,_1_,ordinario,forte,82,A#5,Very high,EWSD_score_acoustic_balanced,9.271354355009542,5.442394193291498,16.9879103647718,0.3234959455520512,C:\Users\lmr20\Desktop\Strings\Strings\violin\_1_\ARCO_Normal_forte\_Sustains\analysis_results\ARCO_Normal_forte.xlsx
Violin,_1_,ordinario,forte,83,B5,Very high,EWSD_score_acoustic_balanced,9.6681812846091,5.394007276859487,16.70207871490281,0.3053888764841736,C:\Users\lmr20\Desktop\Strings\Strings\violin\_1_\ARCO_Normal_forte\_Sustains\analysis_results\ARCO_Normal_forte.xlsx
Violin,_1_,ordinario,forte,84,C6,Very high,EWSD_score_acoustic_balanced,7.970598093317096,4.968555655552323,15.03745878487298,0.3114682599612521,C:\Users\lmr20\Desktop\Strings\Strings\violin\_1_\ARCO_Normal_forte\_Sustains\analysis_results\ARCO_Normal_forte.xlsx
Violin,_1_,ordinario,forte,85,C#6,Very high,EWSD_score_acoustic_balanced,9.999548960902075,4.383263993658277,18.92583682120695,0.376560747165379,C:\Users\lmr20\Desktop\Strings\Strings\violin\_1_\ARCO_Normal_forte\_Sustains\analysis_results\ARCO_Normal_forte.xlsx
Violin,_1_,ordinario,forte,86,D6,Very high,EWSD_score_acoustic_balanced,12.08792152434606,5.682788019436987,18.6011015856582,0.2738245953402523,C:\Users\lmr20\Desktop\Strings\Strings\violin\_1_\ARCO_Normal_forte\_Sustains\analysis_results\ARCO_Normal_forte.xlsx
Violin,_1_,ordinario,forte,87,D#6,Very high,EWSD_score_acoustic_balanced,7.268868508813861,3.122514272661129,14.84942949258119,0.4403278659126602,C:\Users\lmr20\Desktop\Strings\Strings\violin\_1_\ARCO_Normal_forte\_Sustains\analysis_results\ARCO_Normal_forte.xlsx
Violin,_1_,ordinario,forte,88,E6,Very high,EWSD_score_acoustic_balanced,10.41180345465767,4.30886275614968,15.25760053593611,0.2674834101876846,C:\Users\lmr20\Desktop\Strings\Strings\violin\_1_\ARCO_Normal_forte\_Sustains\analysis_results\ARCO_Normal_forte.xlsx
Violin,_1_,ordinario,forte,89,F6,Very high,EWSD_score_acoustic_balanced,8.43202544279079,4.518681005322793,14.20572444971809,0.3073748482178735,C:\Users\lmr20\Desktop\Strings\Strings\violin\_1_\ARCO_Normal_forte\_Sustains\analysis_results\ARCO_Normal_forte.xlsx
Violin,_1_,ordinario,forte,90,F#6,Very high,EWSD_score_acoustic_balanced,6.69194933685426,4.009509371918019,11.99955978545755,0.2963547963337365,C:\Users\lmr20\Desktop\Strings\Strings\violin\_1_\ARCO_Normal_forte\_Sustains\analysis_results\ARCO_Normal_forte.xlsx
Violin,_1_,ordinario,forte,91,G6,Very high,EWSD_score_acoustic_balanced,7.169550041851809,3.398013810812921,12.29910872913245,0.3255844994498298,C:\Users\lmr20\Desktop\Strings\Strings\violin\_1_\ARCO_Normal_forte\_Sustains\analysis_results\ARCO_Normal_forte.xlsx
Violin,_1_,ordinario,forte,92,G#6,Very high,EWSD_score_acoustic_balanced,7.315534326138832,4.186977530548018,11.56885078654547,0.2732260495320902,C:\Users\lmr20\Desktop\Strings\Strings\violin\_1_\ARCO_Normal_forte\_Sustains\analysis_results\ARCO_Normal_forte.xlsx
Violin,_1_,ordinario,forte,93,A6,Very high,EWSD_score_acoustic_balanced,7.687918447063564,3.907305330446512,12.00773370874128,0.2783468443436168,C:\Users\lmr20\Desktop\Strings\Strings\violin\_1_\ARCO_Normal_forte\_Sustains\analysis_results\ARCO_Normal_forte.xlsx
Violin,_1_,ordinario,forte,95,B6,Very high,EWSD_score_acoustic_balanced,8.010672014989515,4.205514297965274,11.15401593612536,0.2261966546564329,C:\Users\lmr20\Desktop\Strings\Strings\violin\_1_\ARCO_Normal_forte\_Sustains\analysis_results\ARCO_Normal_forte.xlsx
Violin,_1_,ordinario,forte,96,C7,Very high,EWSD_score_acoustic_balanced,6.344158393821187,3.957489616581883,11.08328105951228,0.2811818471222497,C:\Users\lmr20\Desktop\Strings\Strings\violin\_1_\ARCO_Normal_forte\_Sustains\analysis_results\ARCO_Normal_forte.xlsx
Violin,_1_,ordinario,forte,97,C#7,Very high,EWSD_score_acoustic_balanced,4.131423918400454,2.754317372505248,9.50895063341918,0.3973672600298671,C:\Users\lmr20\Desktop\Strings\Strings\violin\_1_\ARCO_Normal_forte\_Sustains\analysis_results\ARCO_Normal_forte.xlsx
Violin,_1_,ordinario,forte,98,D7,Very high,EWSD_score_acoustic_balanced,4.157963222573672,2.435003497204409,7.857410004341872,0.3535049105273002,C:\Users\lmr20\Desktop\Strings\Strings\violin\_1_\ARCO_Normal_forte\_Sustains\analysis_results\ARCO_Normal_forte.xlsx
Violin,_1_,ordinario,forte,100,E7,Very high,EWSD_score_acoustic_balanced,4.813076507222567,2.835785085015721,9.816920905136952,0.4313949138582258,C:\Users\lmr20\Desktop\Strings\Strings\violin\_1_\ARCO_Normal_forte\_Sustains\analysis_results\ARCO_Normal_forte.xlsx
Violin,_1_,ordinario,forte,101,F7,Very high,EWSD_score_acoustic_balanced,5.506147900024404,2.701848760446339,9.754089144391742,0.3559207991899415,C:\Users\lmr20\Desktop\Strings\Strings\violin\_1_\ARCO_Normal_forte\_Sustains\analysis_results\ARCO_Normal_forte.xlsx
Violin,_1_,ordinario,forte,102,F#7,Very high,EWSD_score_acoustic_balanced,4.602213486482572,2.600883160616481,9.2026334324379,0.4064116309830947,C:\Users\lmr20\Desktop\Strings\Strings\violin\_1_\ARCO_Normal_forte\_Sustains\analysis_results\ARCO_Normal_forte.xlsx
Violin,_1_,ordinario,forte,103,G7,Very high,EWSD_score_acoustic_balanced,4.029258817947482,2.653115529831922,5.446093852989153,0.1773022793289725,C:\Users\lmr20\Desktop\Strings\Strings\violin\_1_\ARCO_Normal_forte\_Sustains\analysis_results\ARCO_Normal_forte.xlsx
Violin,_1_,ordinario,fortissimo,55,G3,Middle,EWSD_score_acoustic_balanced,35.91078092706962,23.16419215155031,48.68665414115498,0.185936727498516,C:\Users\lmr20\Desktop\Strings\Strings\violin\_1_\ARCO_Normal_fortissimo\_Sustains\analysis_results\ARCO_Normal_fortissimo.xlsx
Violin,_1_,ordinario,fortissimo,56,G#3,Middle,EWSD_score_acoustic_balanced,26.44356339184548,21.28096445950819,37.86609444969407,0.1642965294629988,C:\Users\lmr20\Desktop\Strings\Strings\violin\_1_\ARCO_Normal_fortissimo\_Sustains\analysis_results\ARCO_Normal_fortissimo.xlsx
Violin,_1_,ordinario,fortissimo,57,A3,Middle,EWSD_score_acoustic_balanced,22.71150776493347,14.16899767659771,32.62750147927608,0.2100129147551091,C:\Users\lmr20\Desktop\Strings\Strings\violin\_1_\ARCO_Normal_fortissimo\_Sustains\analysis_results\ARCO_Normal_fortissimo.xlsx
Violin,_1_,ordinario,fortissimo,58,A#3,Middle,EWSD_score_acoustic_balanced,12.19488643040866,11.59547292654485,27.23708928926819,0.3335801608434975,C:\Users\lmr20\Desktop\Strings\Strings\violin\_1_\ARCO_Normal_fortissimo\_Sustains\analysis_results\ARCO_Normal_fortissimo.xlsx
Violin,_1_,ordinario,fortissimo,59,B3,Middle,EWSD_score_acoustic_balanced,19.71725959980241,14.43000761494822,32.44433596835136,0.2355461762232059,C:\Users\lmr20\Desktop\Strings\Strings\violin\_1_\ARCO_Normal_fortissimo\_Sustains\analysis_results\ARCO_Normal_fortissimo.xlsx
Violin,_1_,ordinario,fortissimo,60,C4,High,EWSD_score_acoustic_balanced,16.86799112999566,11.50628835728832,26.85420308894959,0.227117851929155,C:\Users\lmr20\Desktop\Strings\Strings\violin\_1_\ARCO_Normal_fortissimo\_Sustains\analysis_results\ARCO_Normal_fortissimo.xlsx
Violin,_1_,ordinario,fortissimo,61,C#4,High,EWSD_score_acoustic_balanced,19.23568698389212,15.92897407363921,35.76646541372099,0.2587352996177126,C:\Users\lmr20\Desktop\Strings\Strings\violin\_1_\ARCO_Normal_fortissimo\_Sustains\analysis_results\ARCO_Normal_fortissimo.xlsx
Violin,_1_,ordinario,fortissimo,62,D4,High,EWSD_score_acoustic_balanced,21.69795613411357,14.24535681822716,33.10804735559091,0.2288217072349664,C:\Users\lmr20\Desktop\Strings\Strings\violin\_1_\ARCO_Normal_fortissimo\_Sustains\analysis_results\ARCO_Normal_fortissimo.xlsx
Violin,_1_,ordinario,fortissimo,63,D#4,High,EWSD_score_acoustic_balanced,24.96725169465805,15.73661825307648,38.46272934237677,0.2408984032885902,C:\Users\lmr20\Desktop\Strings\Strings\violin\_1_\ARCO_Normal_fortissimo\_Sustains\analysis_results\ARCO_Normal_fortissimo.xlsx
Violin,_1_,ordinario,fortissimo,64,E4,High,EWSD_score_acoustic_balanced,18.31665850305348,11.31507974537549,30.3243992485984,0.2641072525842943,C:\Users\lmr20\Desktop\Strings\Strings\violin\_1_\ARCO_Normal_fortissimo\_Sustains\analysis_results\ARCO_Normal_fortissimo.xlsx
Violin,_1_,ordinario,fortissimo,65,F4,High,EWSD_score_acoustic_balanced,21.7856965302814,13.32208980512825,33.62767627204621,0.2419525986735305,C:\Users\lmr20\Desktop\Strings\Strings\violin\_1_\ARCO_Normal_fortissimo\_Sustains\analysis_results\ARCO_Normal_fortissimo.xlsx
Violin,_1_,ordinario,fortissimo,66,F#4,High,EWSD_score_acoustic_balanced,20.85009804272878,12.86175759137248,33.66597008857801,0.2584099429228722,C:\Users\lmr20\Desktop\Strings\Strings\violin\_1_\ARCO_Normal_fortissimo\_Sustains\analysis_results\ARCO_Normal_fortissimo.xlsx
Violin,_1_,ordinario,fortissimo,67,G4,High,EWSD_score_acoustic_balanced,19.14518829602735,12.28906338556332,31.58071229627468,0.263272562254053,C:\Users\lmr20\Desktop\Strings\Strings\violin\_1_\ARCO_Normal_fortissimo\_Sustains\analysis_results\ARCO_Normal_fortissimo.xlsx
Violin,_1_,ordinario,fortissimo,68,G#4,High,EWSD_score_acoustic_balanced,18.37398899514533,10.02802175482478,26.77485754409274,0.2448466390083775,C:\Users\lmr20\Desktop\Strings\Strings\violin\_1_\ARCO_Normal_fortissimo\_Sustains\analysis_results\ARCO_Normal_fortissimo.xlsx
Violin,_1_,ordinario,fortissimo,69,A4,High,EWSD_score_acoustic_balanced,20.31423474895029,10.0288273927299,30.20142172475057,0.2653849296891272,C:\Users\lmr20\Desktop\Strings\Strings\violin\_1_\ARCO_Normal_fortissimo\_Sustains\analysis_results\ARCO_Normal_fortissimo.xlsx
Violin,_1_,ordinario,fortissimo,70,A#4,High,EWSD_score_acoustic_balanced,13.67455771489835,7.935535049902467,23.56419371120932,0.278673319062138,C:\Users\lmr20\Desktop\Strings\Strings\violin\_1_\ARCO_Normal_fortissimo\_Sustains\analysis_results\ARCO_Normal_fortissimo.xlsx
Violin,_1_,ordinario,fortissimo,71,B4,High,EWSD_score_acoustic_balanced,16.18829844877699,9.014401837430531,25.3653149554799,0.250589171084715,C:\Users\lmr20\Desktop\Strings\Strings\violin\_1_\ARCO_Normal_fortissimo\_Sustains\analysis_results\ARCO_Normal_fortissimo.xlsx
Violin,_1_,ordinario,fortissimo,72,C5,Very high,EWSD_score_acoustic_balanced,13.37486743272062,6.531051767366206,17.9051410984254,0.2154146510681981,C:\Users\lmr20\Desktop\Strings\Strings\violin\_1_\ARCO_Normal_fortissimo\_Sustains\analysis_results\ARCO_Normal_fortissimo.xlsx
Violin,_1_,ordinario,fortissimo,73,C#5,Very high,EWSD_score_acoustic_balanced,14.18362939397109,7.520444840083822,22.37549577971491,0.2770684983067765,C:\Users\lmr20\Desktop\Strings\Strings\violin\_1_\ARCO_Normal_fortissimo\_Sustains\analysis_results\ARCO_Normal_fortissimo.xlsx
Violin,_1_,ordinario,fortissimo,74,D5,Very high,EWSD_score_acoustic_balanced,16.18029164269998,9.687881644160177,22.9411923264557,0.224790584345754,C:\Users\lmr20\Desktop\Strings\Strings\violin\_1_\ARCO_Normal_fortissimo\_Sustains\analysis_results\ARCO_Normal_fortissimo.xlsx
Violin,_1_,ordinario,fortissimo,75,D#5,Very high,EWSD_score_acoustic_balanced,12.41678471220793,5.971271038402798,21.22319624601242,0.3199894622373812,C:\Users\lmr20\Desktop\Strings\Strings\violin\_1_\ARCO_Normal_fortissimo\_Sustains\analysis_results\ARCO_Normal_fortissimo.xlsx
Violin,_1_,ordinario,fortissimo,76,E5,Very high,EWSD_score_acoustic_balanced,18.20733298047044,7.127754709980768,24.35575210720818,0.2398183015196273,C:\Users\lmr20\Desktop\Strings\Strings\violin\_1_\ARCO_Normal_fortissimo\_Sustains\analysis_results\ARCO_Normal_fortissimo.xlsx
Violin,_1_,ordinario,fortissimo,77,F5,Very high,EWSD_score_acoustic_balanced,14.8618707083275,9.027238710817576,24.05543669155375,0.2687502047728694,C:\Users\lmr20\Desktop\Strings\Strings\violin\_1_\ARCO_Normal_fortissimo\_Sustains\analysis_results\ARCO_Normal_fortissimo.xlsx
Violin,_1_,ordinario,fortissimo,78,F#5,Very high,EWSD_score_acoustic_balanced,12.64475066357492,6.834474154745829,21.98141421814978,0.3093604023402555,C:\Users\lmr20\Desktop\Strings\Strings\violin\_1_\ARCO_Normal_fortissimo\_Sustains\analysis_results\ARCO_Normal_fortissimo.xlsx
Violin,_1_,ordinario,fortissimo,79,G5,Very high,EWSD_score_acoustic_balanced,13.78377365100915,8.052809400318239,23.83183638106974,0.3099259891444245,C:\Users\lmr20\Desktop\Strings\Strings\violin\_1_\ARCO_Normal_fortissimo\_Sustains\analysis_results\ARCO_Normal_fortissimo.xlsx
Violin,_1_,ordinario,fortissimo,80,G#5,Very high,EWSD_score_acoustic_balanced,13.66927222936987,8.045835298278547,22.94479471380322,0.290626575410759,C:\Users\lmr20\Desktop\Strings\Strings\violin\_1_\ARCO_Normal_fortissimo\_Sustains\analysis_results\ARCO_Normal_fortissimo.xlsx
Violin,_1_,ordinario,fortissimo,81,A5,Very high,EWSD_score_acoustic_balanced,7.804436884284067,3.716793586644305,11.84437206663183,0.2889325081744001,C:\Users\lmr20\Desktop\Strings\Strings\violin\_1_\ARCO_Normal_fortissimo\_Sustains\analysis_results\ARCO_Normal_fortissimo.xlsx
Violin,_1_,ordinario,fortissimo,81,A5,Very high,EWSD_score_acoustic_balanced,7.804436884284067,3.716793586644305,11.84437206663183,0.2889325081744001,C:\Users\lmr20\Desktop\Strings\Strings\violin\_1_\ARCO_Normal_fortissimo\_Sustains\analysis_results\ARCO_Normal_fortissimo.xlsx
Violin,_1_,ordinario,fortissimo,82,A#5,Very high,EWSD_score_acoustic_balanced,9.231221759143033,4.368908956418424,17.74811287661604,0.3766453702080743,C:\Users\lmr20\Desktop\Strings\Strings\violin\_1_\ARCO_Normal_fortissimo\_Sustains\analysis_results\ARCO_Normal_fortissimo.xlsx
Violin,_1_,ordinario,fortissimo,83,B5,Very high,EWSD_score_acoustic_balanced,7.507845123901309,3.746219000103597,11.98278809911289,0.2821631385674769,C:\Users\lmr20\Desktop\Strings\Strings\violin\_1_\ARCO_Normal_fortissimo\_Sustains\analysis_results\ARCO_Normal_fortissimo.xlsx
Violin,_1_,ordinario,fortissimo,84,C6,Very high,EWSD_score_acoustic_balanced,7.861744670133222,4.008534428618586,14.76120265718595,0.3489910253547476,C:\Users\lmr20\Desktop\Strings\Strings\violin\_1_\ARCO_Normal_fortissimo\_Sustains\analysis_results\ARCO_Normal_fortissimo.xlsx
Violin,_1_,ordinario,fortissimo,85,C#6,Very high,EWSD_score_acoustic_balanced,8.056528700141241,3.682811350746968,15.47743083356949,0.3691153874210231,C:\Users\lmr20\Desktop\Strings\Strings\violin\_1_\ARCO_Normal_fortissimo\_Sustains\analysis_results\ARCO_Normal_fortissimo.xlsx
Violin,_1_,ordinario,fortissimo,86,D6,Very high,EWSD_score_acoustic_balanced,11.25066461879663,4.635578525672859,18.70481899999538,0.326014714890135,C:\Users\lmr20\Desktop\Strings\Strings\violin\_1_\ARCO_Normal_fortissimo\_Sustains\analysis_results\ARCO_Normal_fortissimo.xlsx
Violin,_1_,ordinario,fortissimo,87,D#6,Very high,EWSD_score_acoustic_balanced,9.011995766016794,4.747577776534844,16.57693792154422,0.3580452878411587,C:\Users\lmr20\Desktop\Strings\Strings\violin\_1_\ARCO_Normal_fortissimo\_Sustains\analysis_results\ARCO_Normal_fortissimo.xlsx
Violin,_1_,ordinario,fortissimo,88,E6,Very high,EWSD_score_acoustic_balanced,11.35583786121305,4.760114782459893,16.52302341028729,0.2785481675843871,C:\Users\lmr20\Desktop\Strings\Strings\violin\_1_\ARCO_Normal_fortissimo\_Sustains\analysis_results\ARCO_Normal_fortissimo.xlsx
Violin,_1_,ordinario,fortissimo,89,F6,Very high,EWSD_score_acoustic_balanced,8.097072124389893,4.634239012565797,13.08417457432676,0.2808749454360073,C:\Users\lmr20\Desktop\Strings\Strings\violin\_1_\ARCO_Normal_fortissimo\_Sustains\analysis_results\ARCO_Normal_fortissimo.xlsx
Violin,_1_,ordinario,fortissimo,90,F#6,Very high,EWSD_score_acoustic_balanced,7.465416988597755,4.631497996598787,13.56908140880807,0.3180820553203392,C:\Users\lmr20\Desktop\Strings\Strings\violin\_1_\ARCO_Normal_fortissimo\_Sustains\analysis_results\ARCO_Normal_fortissimo.xlsx
Violin,_1_,ordinario,fortissimo,91,G6,Very high,EWSD_score_acoustic_balanced,9.727488640145015,4.047935101984859,13.23049756712617,0.252238218026663,C:\Users\lmr20\Desktop\Strings\Strings\violin\_1_\ARCO_Normal_fortissimo\_Sustains\analysis_results\ARCO_Normal_fortissimo.xlsx
Violin,_1_,ordinario,fortissimo,92,G#6,Very high,EWSD_score_acoustic_balanced,7.787601522685784,4.142414972935625,12.61149988039402,0.3033274762286666,C:\Users\lmr20\Desktop\Strings\Strings\violin\_1_\ARCO_Normal_fortissimo\_Sustains\analysis_results\ARCO_Normal_fortissimo.xlsx
Violin,_1_,ordinario,fortissimo,93,A6,Very high,EWSD_score_acoustic_balanced,8.426029712255609,4.075641835274589,12.15881707636103,0.2594310886699716,C:\Users\lmr20\Desktop\Strings\Strings\violin\_1_\ARCO_Normal_fortissimo\_Sustains\analysis_results\ARCO_Normal_fortissimo.xlsx
Violin,_1_,ordinario,fortissimo,94,A#6,Very high,EWSD_score_acoustic_balanced,5.719788452569759,3.689263790288338,10.46399531743137,0.3012379333750522,C:\Users\lmr20\Desktop\Strings\Strings\violin\_1_\ARCO_Normal_fortissimo\_Sustains\analysis_results\ARCO_Normal_fortissimo.xlsx
Violin,_1_,ordinario,fortissimo,95,B6,Very high,EWSD_score_acoustic_balanced,7.510671647064349,3.865342469519892,11.97321899512969,0.2872298272441345,C:\Users\lmr20\Desktop\Strings\Strings\violin\_1_\ARCO_Normal_fortissimo\_Sustains\analysis_results\ARCO_Normal_fortissimo.xlsx
Violin,_1_,ordinario,fortissimo,97,C#7,Very high,EWSD_score_acoustic_balanced,5.785382623319842,4.015964386450566,10.56857822204124,0.28711851234962,C:\Users\lmr20\Desktop\Strings\Strings\violin\_1_\ARCO_Normal_fortissimo\_Sustains\analysis_results\ARCO_Normal_fortissimo.xlsx
Violin,_1_,ordinario,fortissimo,98,D7,Very high,EWSD_score_acoustic_balanced,6.381721365389439,2.791239571208724,9.924476556139266,0.3093793883631754,C:\Users\lmr20\Desktop\Strings\Strings\violin\_1_\ARCO_Normal_fortissimo\_Sustains\analysis_results\ARCO_Normal_fortissimo.xlsx
Violin,_1_,ordinario,fortissimo,99,D#7,Very high,EWSD_score_acoustic_balanced,3.777344711158446,2.76227846106745,8.294429491164454,0.3956962849435905,C:\Users\lmr20\Desktop\Strings\Strings\violin\_1_\ARCO_Normal_fortissimo\_Sustains\analysis_results\ARCO_Normal_fortissimo.xlsx
Violin,_1_,ordinario,fortissimo,100,E7,Very high,EWSD_score_acoustic_balanced,4.837213115436088,2.464573507545537,8.974407885528192,0.3578375752499281,C:\Users\lmr20\Desktop\Strings\Strings\violin\_1_\ARCO_Normal_fortissimo\_Sustains\analysis_results\ARCO_Normal_fortissimo.xlsx
Violin,_1_,ordinario,fortissimo,101,F7,Very high,EWSD_score_acoustic_balanced,5.198951948834083,2.538699498330437,10.34710155980821,0.4305425049323377,C:\Users\lmr20\Desktop\Strings\Strings\violin\_1_\ARCO_Normal_fortissimo\_Sustains\analysis_results\ARCO_Normal_fortissimo.xlsx
Violin,_1_,ordinario,fortissimo,102,F#7,Very high,EWSD_score_acoustic_balanced,3.829232285261365,1.573915854217526,7.71184776766488,0.4580928265659509,C:\Users\lmr20\Desktop\Strings\Strings\violin\_1_\ARCO_Normal_fortissimo\_Sustains\analysis_results\ARCO_Normal_fortissimo.xlsx
Violin,_1_,ordinario,fortissimo,103,G7,Very high,EWSD_score_acoustic_balanced,5.326863363056852,2.615695161404568,9.515421788869928,0.3367239437473589,C:\Users\lmr20\Desktop\Strings\Strings\violin\_1_\ARCO_Normal_fortissimo\_Sustains\analysis_results\ARCO_Normal_fortissimo.xlsx
Violin,_1_,ordinario,mezzo-forte,55,G3,Middle,EWSD_score_acoustic_balanced,45.70842689610359,29.56802582806354,56.65655705039944,0.1600258740833317,C:\Users\lmr20\Desktop\Strings\Strings\violin\_1_\ARCO_Normal_mezzo-forte\_Sustains\analysis_results\ARCO_Normal_mezzo-forte.xlsx
Violin,_1_,ordinario,mezzo-forte,56,G#3,Middle,EWSD_score_acoustic_balanced,25.70740992967885,13.60747637493422,32.2469396629449,0.192586379798942,C:\Users\lmr20\Desktop\Strings\Strings\violin\_1_\ARCO_Normal_mezzo-forte\_Sustains\analysis_results\ARCO_Normal_mezzo-forte.xlsx
Violin,_1_,ordinario,mezzo-forte,58,A#3,Middle,EWSD_score_acoustic_balanced,14.38590861709674,9.076495987582948,21.86852930677253,0.2438797044133896,C:\Users\lmr20\Desktop\Strings\Strings\violin\_1_\ARCO_Normal_mezzo-forte\_Sustains\analysis_results\ARCO_Normal_mezzo-forte.xlsx
Violin,_1_,ordinario,mezzo-forte,59,B3,Middle,EWSD_score_acoustic_balanced,26.718275006918,14.84697999204433,38.32449373617673,0.2155067141126597,C:\Users\lmr20\Desktop\Strings\Strings\violin\_1_\ARCO_Normal_mezzo-forte\_Sustains\analysis_results\ARCO_Normal_mezzo-forte.xlsx
Violin,_1_,ordinario,mezzo-forte,60,C4,High,EWSD_score_acoustic_balanced,19.53093121979746,10.70554152986272,27.95521225267044,0.2276628343013181,C:\Users\lmr20\Desktop\Strings\Strings\violin\_1_\ARCO_Normal_mezzo-forte\_Sustains\analysis_results\ARCO_Normal_mezzo-forte.xlsx
Violin,_1_,ordinario,mezzo-forte,61,C#4,High,EWSD_score_acoustic_balanced,21.71430620228247,12.01896524105663,34.74536261864559,0.2709112766234431,C:\Users\lmr20\Desktop\Strings\Strings\violin\_1_\ARCO_Normal_mezzo-forte\_Sustains\analysis_results\ARCO_Normal_mezzo-forte.xlsx
Violin,_1_,ordinario,mezzo-forte,62,D4,High,EWSD_score_acoustic_balanced,27.03379120985874,15.02466314943389,37.26216942236331,0.2150836091181877,C:\Users\lmr20\Desktop\Strings\Strings\violin\_1_\ARCO_Normal_mezzo-forte\_Sustains\analysis_results\ARCO_Normal_mezzo-forte.xlsx
Violin,_1_,ordinario,mezzo-forte,63,D#4,High,EWSD_score_acoustic_balanced,26.38646208417827,12.91182121552246,35.71589603125562,0.2219750742009314,C:\Users\lmr20\Desktop\Strings\Strings\violin\_1_\ARCO_Normal_mezzo-forte\_Sustains\analysis_results\ARCO_Normal_mezzo-forte.xlsx
Violin,_1_,ordinario,mezzo-forte,64,E4,High,EWSD_score_acoustic_balanced,22.71053681809462,11.61486371565,33.52458468632107,0.2447240785906562,C:\Users\lmr20\Desktop\Strings\Strings\violin\_1_\ARCO_Normal_mezzo-forte\_Sustains\analysis_results\ARCO_Normal_mezzo-forte.xlsx
Violin,_1_,ordinario,mezzo-forte,65,F4,High,EWSD_score_acoustic_balanced,18.29870554715577,9.238850637132348,28.52945560587775,0.2683546454546913,C:\Users\lmr20\Desktop\Strings\Strings\violin\_1_\ARCO_Normal_mezzo-forte\_Sustains\analysis_results\ARCO_Normal_mezzo-forte.xlsx
Violin,_1_,ordinario,mezzo-forte,66,F#4,High,EWSD_score_acoustic_balanced,21.81965041181261,9.994395736509269,32.1667294274047,0.2530170082618343,C:\Users\lmr20\Desktop\Strings\Strings\violin\_1_\ARCO_Normal_mezzo-forte\_Sustains\analysis_results\ARCO_Normal_mezzo-forte.xlsx
Violin,_1_,ordinario,mezzo-forte,67,G4,High,EWSD_score_acoustic_balanced,18.65638114714842,9.99796369865579,31.24369197486929,0.3018365808633695,C:\Users\lmr20\Desktop\Strings\Strings\violin\_1_\ARCO_Normal_mezzo-forte\_Sustains\analysis_results\ARCO_Normal_mezzo-forte.xlsx
Violin,_1_,ordinario,mezzo-forte,68,G#4,High,EWSD_score_acoustic_balanced,15.46108964956047,7.139759865903374,24.20058186571706,0.288413608971693,C:\Users\lmr20\Desktop\Strings\Strings\violin\_1_\ARCO_Normal_mezzo-forte\_Sustains\analysis_results\ARCO_Normal_mezzo-forte.xlsx
Violin,_1_,ordinario,mezzo-forte,70,A#4,High,EWSD_score_acoustic_balanced,11.34371558744684,5.513428237172938,18.44943098817056,0.3105559715058858,C:\Users\lmr20\Desktop\Strings\Strings\violin\_1_\ARCO_Normal_mezzo-forte\_Sustains\analysis_results\ARCO_Normal_mezzo-forte.xlsx
Violin,_1_,ordinario,mezzo-forte,72,C5,Very high,EWSD_score_acoustic_balanced,12.16986456613119,4.155429736438818,13.77803239293737,0.2027316112383858,C:\Users\lmr20\Desktop\Strings\Strings\violin\_1_\ARCO_Normal_mezzo-forte\_Sustains\analysis_results\ARCO_Normal_mezzo-forte.xlsx
Violin,_1_,ordinario,mezzo-forte,75,D#5,Very high,EWSD_score_acoustic_balanced,13.39871459186887,5.759563572629148,21.31080775604547,0.3097624050783479,C:\Users\lmr20\Desktop\Strings\Strings\violin\_1_\ARCO_Normal_mezzo-forte\_Sustains\analysis_results\ARCO_Normal_mezzo-forte.xlsx
Violin,_1_,ordinario,mezzo-forte,76,E5,Very high,EWSD_score_acoustic_balanced,15.49158817161644,7.192188975642368,22.74019233427825,0.2672493533100543,C:\Users\lmr20\Desktop\Strings\Strings\violin\_1_\ARCO_Normal_mezzo-forte\_Sustains\analysis_results\ARCO_Normal_mezzo-forte.xlsx
Violin,_1_,ordinario,mezzo-forte,77,F5,Very high,EWSD_score_acoustic_balanced,14.60113036657345,4.827758775790169,19.68157601292847,0.2666084329721232,C:\Users\lmr20\Desktop\Strings\Strings\violin\_1_\ARCO_Normal_mezzo-forte\_Sustains\analysis_results\ARCO_Normal_mezzo-forte.xlsx
Violin,_1_,ordinario,mezzo-forte,80,G#5,Very high,EWSD_score_acoustic_balanced,14.27398233783696,6.947505283823881,21.85573371802931,0.2837727754853711,C:\Users\lmr20\Desktop\Strings\Strings\violin\_1_\ARCO_Normal_mezzo-forte\_Sustains\analysis_results\ARCO_Normal_mezzo-forte.xlsx
Violin,_1_,ordinario,mezzo-forte,82,A#5,Very high,EWSD_score_acoustic_balanced,9.913695931894871,5.435337905757962,17.29774238866952,0.3341307281292591,C:\Users\lmr20\Desktop\Strings\Strings\violin\_1_\ARCO_Normal_mezzo-forte\_Sustains\analysis_results\ARCO_Normal_mezzo-forte.xlsx
Violin,_1_,ordinario,mezzo-forte,83,B5,Very high,EWSD_score_acoustic_balanced,9.166671468016723,5.045325924516892,15.93944321984178,0.3398062537029528,C:\Users\lmr20\Desktop\Strings\Strings\violin\_1_\ARCO_Normal_mezzo-forte\_Sustains\analysis_results\ARCO_Normal_mezzo-forte.xlsx
Violin,_1_,ordinario,mezzo-forte,84,C6,Very high,EWSD_score_acoustic_balanced,6.975978024425237,3.835315870206538,12.77491811860342,0.3439826527251127,C:\Users\lmr20\Desktop\Strings\Strings\violin\_1_\ARCO_Normal_mezzo-forte\_Sustains\analysis_results\ARCO_Normal_mezzo-forte.xlsx
Violin,_1_,ordinario,mezzo-forte,85,C#6,Very high,EWSD_score_acoustic_balanced,12.79183300857253,6.035376168279036,20.89883091225609,0.3006098829010477,C:\Users\lmr20\Desktop\Strings\Strings\violin\_1_\ARCO_Normal_mezzo-forte\_Sustains\analysis_results\ARCO_Normal_mezzo-forte.xlsx
Violin,_1_,ordinario,mezzo-forte,86,D6,Very high,EWSD_score_acoustic_balanced,13.35800566000073,4.545762899399867,17.65981581326866,0.256199701441945,C:\Users\lmr20\Desktop\Strings\Strings\violin\_1_\ARCO_Normal_mezzo-forte\_Sustains\analysis_results\ARCO_Normal_mezzo-forte.xlsx
Violin,_1_,ordinario,mezzo-forte,87,D#6,Very high,EWSD_score_acoustic_balanced,8.456088793936848,3.274899802289749,14.98649206509947,0.3816083304342922,C:\Users\lmr20\Desktop\Strings\Strings\violin\_1_\ARCO_Normal_mezzo-forte\_Sustains\analysis_results\ARCO_Normal_mezzo-forte.xlsx
Violin,_1_,ordinario,mezzo-forte,88,E6,Very high,EWSD_score_acoustic_balanced,11.65335177014105,4.147902406607153,18.55892815661603,0.3160462362434413,C:\Users\lmr20\Desktop\Strings\Strings\violin\_1_\ARCO_Normal_mezzo-forte\_Sustains\analysis_results\ARCO_Normal_mezzo-forte.xlsx
Violin,_1_,ordinario,mezzo-forte,90,F#6,Very high,EWSD_score_acoustic_balanced,5.662497774153747,3.110681018009845,9.561408830532242,0.3258527474279577,C:\Users\lmr20\Desktop\Strings\Strings\violin\_1_\ARCO_Normal_mezzo-forte\_Sustains\analysis_results\ARCO_Normal_mezzo-forte.xlsx
Violin,_1_,ordinario,mezzo-forte,91,G6,Very high,EWSD_score_acoustic_balanced,8.073379408219486,3.854798824937861,11.13373478730924,0.2384541450318313,C:\Users\lmr20\Desktop\Strings\Strings\violin\_1_\ARCO_Normal_mezzo-forte\_Sustains\analysis_results\ARCO_Normal_mezzo-forte.xlsx
Violin,_1_,ordinario,mezzo-forte,92,G#6,Very high,EWSD_score_acoustic_balanced,8.138369024733652,3.721785530984937,12.44470457414157,0.2988311982731479,C:\Users\lmr20\Desktop\Strings\Strings\violin\_1_\ARCO_Normal_mezzo-forte\_Sustains\analysis_results\ARCO_Normal_mezzo-forte.xlsx
Violin,_1_,ordinario,mezzo-forte,93,A6,Very high,EWSD_score_acoustic_balanced,8.423307001971343,3.848723306609893,12.153665038181,0.2614989492204177,C:\Users\lmr20\Desktop\Strings\Strings\violin\_1_\ARCO_Normal_mezzo-forte\_Sustains\analysis_results\ARCO_Normal_mezzo-forte.xlsx
Violin,_1_,ordinario,mezzo-forte,97,C#7,Very high,EWSD_score_acoustic_balanced,5.699625359768073,2.908801683099759,10.26794920767406,0.3644954751589471,C:\Users\lmr20\Desktop\Strings\Strings\violin\_1_\ARCO_Normal_mezzo-forte\_Sustains\analysis_results\ARCO_Normal_mezzo-forte.xlsx
Violin,_1_,ordinario,mezzo-forte,98,D7,Very high,EWSD_score_acoustic_balanced,6.087035728298063,2.924143894644563,9.97059332820511,0.3148121234887836,C:\Users\lmr20\Desktop\Strings\Strings\violin\_1_\ARCO_Normal_mezzo-forte\_Sustains\analysis_results\ARCO_Normal_mezzo-forte.xlsx
Violin,_1_,ordinario,mezzo-forte,101,F7,Very high,EWSD_score_acoustic_balanced,4.901577357854855,2.811367628551818,8.421367198935911,0.338659532881696,C:\Users\lmr20\Desktop\Strings\Strings\violin\_1_\ARCO_Normal_mezzo-forte\_Sustains\analysis_results\ARCO_Normal_mezzo-forte.xlsx
Violin,_1_,ordinario,mezzo-forte,102,F#7,Very high,EWSD_score_acoustic_balanced,4.550386885954799,2.80332148598558,8.338637453849742,0.3397772069358168,C:\Users\lmr20\Desktop\Strings\Strings\violin\_1_\ARCO_Normal_mezzo-forte\_Sustains\analysis_results\ARCO_Normal_mezzo-forte.xlsx
Violin,_1_,ordinario,mezzo-forte,103,G7,Very high,EWSD_score_acoustic_balanced,6.307203643280652,3.232975564831564,7.359079524524979,0.1928407093966724,C:\Users\lmr20\Desktop\Strings\Strings\violin\_1_\ARCO_Normal_mezzo-forte\_Sustains\analysis_results\ARCO_Normal_mezzo-forte.xlsx
Violin,_1_,ordinario,mezzo-piano,55,G3,Middle,EWSD_score_acoustic_balanced,35.60720543756818,19.73262497425287,46.84118524992333,0.1965063556724765,C:\Users\lmr20\Desktop\Strings\Strings\violin\_1_\ARCO_Normal_mezzo-piano\_Sustains\analysis_results\ARCO_Normal_mezzo-piano.xlsx
Violin,_1_,ordinario,mezzo-piano,56,G#3,Middle,EWSD_score_acoustic_balanced,24.94012595691358,11.58427257133868,26.54671719970885,0.1681141955781966,C:\Users\lmr20\Desktop\Strings\Strings\violin\_1_\ARCO_Normal_mezzo-piano\_Sustains\analysis_results\ARCO_Normal_mezzo-piano.xlsx
Violin,_1_,ordinario,mezzo-piano,58,A#3,Middle,EWSD_score_acoustic_balanced,19.61345859536831,10.30175726863224,28.54004366309593,0.2457815157601076,C:\Users\lmr20\Desktop\Strings\Strings\violin\_1_\ARCO_Normal_mezzo-piano\_Sustains\analysis_results\ARCO_Normal_mezzo-piano.xlsx
Violin,_1_,ordinario,mezzo-piano,59,B3,Middle,EWSD_score_acoustic_balanced,22.66075687863725,9.059073507007698,31.66611032015532,0.2529757017697686,C:\Users\lmr20\Desktop\Strings\Strings\violin\_1_\ARCO_Normal_mezzo-piano\_Sustains\analysis_results\ARCO_Normal_mezzo-piano.xlsx
Violin,_1_,ordinario,mezzo-piano,60,C4,High,EWSD_score_acoustic_balanced,13.77854486656677,5.215656499917873,21.89731217202813,0.3179776538809989,C:\Users\lmr20\Desktop\Strings\Strings\violin\_1_\ARCO_Normal_mezzo-piano\_Sustains\analysis_results\ARCO_Normal_mezzo-piano.xlsx
Violin,_1_,ordinario,mezzo-piano,61,C#4,High,EWSD_score_acoustic_balanced,21.79680369342503,7.245747168119833,26.5258844253961,0.2293910729694909,C:\Users\lmr20\Desktop\Strings\Strings\violin\_1_\ARCO_Normal_mezzo-piano\_Sustains\analysis_results\ARCO_Normal_mezzo-piano.xlsx
Violin,_1_,ordinario,mezzo-piano,62,D4,High,EWSD_score_acoustic_balanced,24.63735840632171,11.3608429384485,32.98377253776446,0.2334420012597508,C:\Users\lmr20\Desktop\Strings\Strings\violin\_1_\ARCO_Normal_mezzo-piano\_Sustains\analysis_results\ARCO_Normal_mezzo-piano.xlsx
Violin,_1_,ordinario,mezzo-piano,64,E4,High,EWSD_score_acoustic_balanced,22.50675450594077,9.09817377796826,29.74018724189955,0.2401934672666949,C:\Users\lmr20\Desktop\Strings\Strings\violin\_1_\ARCO_Normal_mezzo-piano\_Sustains\analysis_results\ARCO_Normal_mezzo-piano.xlsx
Violin,_1_,ordinario,mezzo-piano,65,F4,High,EWSD_score_acoustic_balanced,19.9200208367188,10.1610813416715,28.37620351497408,0.2314032353306739,C:\Users\lmr20\Desktop\Strings\Strings\violin\_1_\ARCO_Normal_mezzo-piano\_Sustains\analysis_results\ARCO_Normal_mezzo-piano.xlsx
Violin,_1_,ordinario,mezzo-piano,66,F#4,High,EWSD_score_acoustic_balanced,20.58334061797357,7.336108874454071,26.38534483555499,0.2442748781905406,C:\Users\lmr20\Desktop\Strings\Strings\violin\_1_\ARCO_Normal_mezzo-piano\_Sustains\analysis_results\ARCO_Normal_mezzo-piano.xlsx
Violin,_1_,ordinario,mezzo-piano,66,F#4,High,EWSD_score_acoustic_balanced,20.58334061797357,7.336108874454071,26.38534483555499,0.2442748781905406,C:\Users\lmr20\Desktop\Strings\Strings\violin\_1_\ARCO_Normal_mezzo-piano\_Sustains\analysis_results\ARCO_Normal_mezzo-piano.xlsx
Violin,_1_,ordinario,mezzo-piano,67,G4,High,EWSD_score_acoustic_balanced,25.01250488202232,10.04750062469238,32.69194317956527,0.2373737344875531,C:\Users\lmr20\Desktop\Strings\Strings\violin\_1_\ARCO_Normal_mezzo-piano\_Sustains\analysis_results\ARCO_Normal_mezzo-piano.xlsx
Violin,_1_,ordinario,mezzo-piano,69,A4,High,EWSD_score_acoustic_balanced,13.37769433944813,4.397400274873507,22.02537053951852,0.3482854100562627,C:\Users\lmr20\Desktop\Strings\Strings\violin\_1_\ARCO_Normal_mezzo-piano\_Sustains\analysis_results\ARCO_Normal_mezzo-piano.xlsx
Violin,_1_,ordinario,mezzo-piano,70,A#4,High,EWSD_score_acoustic_balanced,13.34605156372356,6.370627807302292,21.60843934844568,0.3024817667919515,C:\Users\lmr20\Desktop\Strings\Strings\violin\_1_\ARCO_Normal_mezzo-piano\_Sustains\analysis_results\ARCO_Normal_mezzo-piano.xlsx
Violin,_1_,ordinario,mezzo-piano,71,B4,High,EWSD_score_acoustic_balanced,15.61409064863412,7.365831890125532,24.96984715714049,0.3058102074892876,C:\Users\lmr20\Desktop\Strings\Strings\violin\_1_\ARCO_Normal_mezzo-piano\_Sustains\analysis_results\ARCO_Normal_mezzo-piano.xlsx
Violin,_1_,ordinario,mezzo-piano,72,C5,Very high,EWSD_score_acoustic_balanced,11.73322455718073,4.58046235239994,15.69905156678102,0.2665936135812744,C:\Users\lmr20\Desktop\Strings\Strings\violin\_1_\ARCO_Normal_mezzo-piano\_Sustains\analysis_results\ARCO_Normal_mezzo-piano.xlsx
Violin,_1_,ordinario,mezzo-piano,74,D5,Very high,EWSD_score_acoustic_balanced,12.58138538713981,3.826012471249672,13.30407863379271,0.2375607319459428,C:\Users\lmr20\Desktop\Strings\Strings\violin\_1_\ARCO_Normal_mezzo-piano\_Sustains\analysis_results\ARCO_Normal_mezzo-piano.xlsx
Violin,_1_,ordinario,mezzo-piano,75,D#5,Very high,EWSD_score_acoustic_balanced,15.13074300654549,5.002445083821551,20.57573500681617,0.2693329940849659,C:\Users\lmr20\Desktop\Strings\Strings\violin\_1_\ARCO_Normal_mezzo-piano\_Sustains\analysis_results\ARCO_Normal_mezzo-piano.xlsx
Violin,_1_,ordinario,mezzo-piano,76,E5,Very high,EWSD_score_acoustic_balanced,12.96578441759758,4.344321230802071,13.34815097623106,0.1866754227260983,C:\Users\lmr20\Desktop\Strings\Strings\violin\_1_\ARCO_Normal_mezzo-piano\_Sustains\analysis_results\ARCO_Normal_mezzo-piano.xlsx
Violin,_1_,ordinario,mezzo-piano,76,E5,Very high,EWSD_score_acoustic_balanced,12.96578441759758,4.344321230802071,13.34815097623106,0.1866754227260983,C:\Users\lmr20\Desktop\Strings\Strings\violin\_1_\ARCO_Normal_mezzo-piano\_Sustains\analysis_results\ARCO_Normal_mezzo-piano.xlsx
Violin,_1_,ordinario,mezzo-piano,80,G#5,Very high,EWSD_score_acoustic_balanced,9.385122107548764,3.787345860866592,14.21292088031042,0.313455387905574,C:\Users\lmr20\Desktop\Strings\Strings\violin\_1_\ARCO_Normal_mezzo-piano\_Sustains\analysis_results\ARCO_Normal_mezzo-piano.xlsx
Violin,_1_,ordinario,mezzo-piano,80,G#5,Very high,EWSD_score_acoustic_balanced,9.385122107548764,3.787345860866592,14.21292088031042,0.313455387905574,C:\Users\lmr20\Desktop\Strings\Strings\violin\_1_\ARCO_Normal_mezzo-piano\_Sustains\analysis_results\ARCO_Normal_mezzo-piano.xlsx
Violin,_1_,ordinario,mezzo-piano,81,A5,Very high,EWSD_score_acoustic_balanced,10.97301463496201,3.841856878308697,17.21078848283677,0.3583187973881246,C:\Users\lmr20\Desktop\Strings\Strings\violin\_1_\ARCO_Normal_mezzo-piano\_Sustains\analysis_results\ARCO_Normal_mezzo-piano.xlsx
Violin,_1_,ordinario,mezzo-piano,82,A#5,Very high,EWSD_score_acoustic_balanced,6.060073400699186,3.019605560907549,12.41565833793941,0.4449035940173333,C:\Users\lmr20\Desktop\Strings\Strings\violin\_1_\ARCO_Normal_mezzo-piano\_Sustains\analysis_results\ARCO_Normal_mezzo-piano.xlsx
Violin,_1_,ordinario,mezzo-piano,82,A#5,Very high,EWSD_score_acoustic_balanced,6.060073400699186,3.019605560907549,12.41565833793941,0.4449035940173333,C:\Users\lmr20\Desktop\Strings\Strings\violin\_1_\ARCO_Normal_mezzo-piano\_Sustains\analysis_results\ARCO_Normal_mezzo-piano.xlsx
Violin,_1_,ordinario,mezzo-piano,83,B5,Very high,EWSD_score_acoustic_balanced,8.288336354784748,3.312267428363707,16.51778104123974,0.4422828681650453,C:\Users\lmr20\Desktop\Strings\Strings\violin\_1_\ARCO_Normal_mezzo-piano\_Sustains\analysis_results\ARCO_Normal_mezzo-piano.xlsx
Violin,_1_,ordinario,mezzo-piano,85,C#6,Very high,EWSD_score_acoustic_balanced,10.82814839878362,3.786521260092933,20.01928580175518,0.3759269855677221,C:\Users\lmr20\Desktop\Strings\Strings\violin\_1_\ARCO_Normal_mezzo-piano\_Sustains\analysis_results\ARCO_Normal_mezzo-piano.xlsx
Violin,_1_,ordinario,mezzo-piano,86,D6,Very high,EWSD_score_acoustic_balanced,13.61515128519275,5.314606451863923,21.80350034667397,0.3075958837897625,C:\Users\lmr20\Desktop\Strings\Strings\violin\_1_\ARCO_Normal_mezzo-piano\_Sustains\analysis_results\ARCO_Normal_mezzo-piano.xlsx
Violin,_1_,ordinario,mezzo-piano,91,G6,Very high,EWSD_score_acoustic_balanced,8.197659230921085,3.593052138644934,10.91160484809668,0.2506964885983789,C:\Users\lmr20\Desktop\Strings\Strings\violin\_1_\ARCO_Normal_mezzo-piano\_Sustains\analysis_results\ARCO_Normal_mezzo-piano.xlsx
Violin,_1_,ordinario,mezzo-piano,93,A6,Very high,EWSD_score_acoustic_balanced,8.825733129181137,3.290463261736568,12.87168888833257,0.2837883738687919,C:\Users\lmr20\Desktop\Strings\Strings\violin\_1_\ARCO_Normal_mezzo-piano\_Sustains\analysis_results\ARCO_Normal_mezzo-piano.xlsx
Violin,_1_,ordinario,pianissimo,55,G3,Middle,EWSD_score_acoustic_balanced,36.36753246273631,18.7072395975188,49.34550322311996,0.2151989049715677,C:\Users\lmr20\Desktop\Strings\Strings\violin\_1_\ARCO_Normal_pianissimo\_Sustains\analysis_results\ARCO_Normal_pianissimo.xlsx
Violin,_1_,ordinario,pianissimo,56,G#3,Middle,EWSD_score_acoustic_balanced,26.17361489128213,9.405696177460989,30.45065791449919,0.1989260113468395,C:\Users\lmr20\Desktop\Strings\Strings\violin\_1_\ARCO_Normal_pianissimo\_Sustains\analysis_results\ARCO_Normal_pianissimo.xlsx
Violin,_1_,ordinario,pianissimo,57,A3,Middle,EWSD_score_acoustic_balanced,33.55306496554542,9.310251989878504,32.913185412431,0.185982300513461,C:\Users\lmr20\Desktop\Strings\Strings\violin\_1_\ARCO_Normal_pianissimo\_Sustains\analysis_results\ARCO_Normal_pianissimo.xlsx
Violin,_1_,ordinario,pianissimo,58,A#3,Middle,EWSD_score_acoustic_balanced,16.49045971116926,7.89891225736456,24.31068161862074,0.2621823840723047,C:\Users\lmr20\Desktop\Strings\Strings\violin\_1_\ARCO_Normal_pianissimo\_Sustains\analysis_results\ARCO_Normal_pianissimo.xlsx
Violin,_1_,ordinario,pianissimo,65,F4,High,EWSD_score_acoustic_balanced,18.82122155159589,6.94414204490826,26.43788604191655,0.2705403676718388,C:\Users\lmr20\Desktop\Strings\Strings\violin\_1_\ARCO_Normal_pianissimo\_Sustains\analysis_results\ARCO_Normal_pianissimo.xlsx
Violin,_1_,ordinario,pianissimo,66,F#4,High,EWSD_score_acoustic_balanced,19.54888751886631,5.788001216071827,22.20395372996412,0.2184251765205676,C:\Users\lmr20\Desktop\Strings\Strings\violin\_1_\ARCO_Normal_pianissimo\_Sustains\analysis_results\ARCO_Normal_pianissimo.xlsx
Violin,_1_,ordinario,pianissimo,67,G4,High,EWSD_score_acoustic_balanced,19.29482996653654,4.889685135499498,21.58868516184863,0.25073430434864,C:\Users\lmr20\Desktop\Strings\Strings\violin\_1_\ARCO_Normal_pianissimo\_Sustains\analysis_results\ARCO_Normal_pianissimo.xlsx
Violin,_1_,ordinario,pianissimo,68,G#4,High,EWSD_score_acoustic_balanced,16.2198271094143,6.182965292770077,23.68552984227219,0.2934895884181259,C:\Users\lmr20\Desktop\Strings\Strings\violin\_1_\ARCO_Normal_pianissimo\_Sustains\analysis_results\ARCO_Normal_pianissimo.xlsx
Violin,_1_,ordinario,pianissimo,70,A#4,High,EWSD_score_acoustic_balanced,9.91692031299687,4.136058436932793,16.41799621560415,0.3424450036853163,C:\Users\lmr20\Desktop\Strings\Strings\violin\_1_\ARCO_Normal_pianissimo\_Sustains\analysis_results\ARCO_Normal_pianissimo.xlsx
Violin,_1_,ordinario,pianissimo,71,B4,High,EWSD_score_acoustic_balanced,15.42026322763526,5.673844823540999,25.87706289818246,0.3281679753361353,C:\Users\lmr20\Desktop\Strings\Strings\violin\_1_\ARCO_Normal_pianissimo\_Sustains\analysis_results\ARCO_Normal_pianissimo.xlsx
Violin,_1_,ordinario,pianissimo,72,C5,Very high,EWSD_score_acoustic_balanced,9.64826960601657,3.385613301458305,14.85995898396703,0.3309771709852866,C:\Users\lmr20\Desktop\Strings\Strings\violin\_1_\ARCO_Normal_pianissimo\_Sustains\analysis_results\ARCO_Normal_pianissimo.xlsx
Violin,_1_,ordinario,pianissimo,73,C#5,Very high,EWSD_score_acoustic_balanced,11.44442281453829,3.738031613463466,16.88986110923837,0.3184468643884499,C:\Users\lmr20\Desktop\Strings\Strings\violin\_1_\ARCO_Normal_pianissimo\_Sustains\analysis_results\ARCO_Normal_pianissimo.xlsx
Violin,_1_,ordinario,pianissimo,74,D5,Very high,EWSD_score_acoustic_balanced,11.93404504534351,3.99567138017442,15.90321784647282,0.2850631979697735,C:\Users\lmr20\Desktop\Strings\Strings\violin\_1_\ARCO_Normal_pianissimo\_Sustains\analysis_results\ARCO_Normal_pianissimo.xlsx
Violin,_1_,ordinario,pianissimo,76,E5,Very high,EWSD_score_acoustic_balanced,10.81903645229077,3.908555868259225,16.44982566424644,0.3085142899059503,C:\Users\lmr20\Desktop\Strings\Strings\violin\_1_\ARCO_Normal_pianissimo\_Sustains\analysis_results\ARCO_Normal_pianissimo.xlsx
Violin,_1_,ordinario,pianissimo,77,F5,Very high,EWSD_score_acoustic_balanced,12.16791075571292,4.497341279663229,20.61177623131473,0.3465129605923986,C:\Users\lmr20\Desktop\Strings\Strings\violin\_1_\ARCO_Normal_pianissimo\_Sustains\analysis_results\ARCO_Normal_pianissimo.xlsx
Violin,_1_,ordinario,pianissimo,79,G5,Very high,EWSD_score_acoustic_balanced,9.234409530766367,3.489491547486995,14.34991766998708,0.3159362100229804,C:\Users\lmr20\Desktop\Strings\Strings\violin\_1_\ARCO_Normal_pianissimo\_Sustains\analysis_results\ARCO_Normal_pianissimo.xlsx
Violin,_1_,ordinario,pianissimo,81,A5,Very high,EWSD_score_acoustic_balanced,12.28122796197895,4.121976954461254,16.24759829893892,0.2538713127773782,C:\Users\lmr20\Desktop\Strings\Strings\violin\_1_\ARCO_Normal_pianissimo\_Sustains\analysis_results\ARCO_Normal_pianissimo.xlsx
Violin,_1_,ordinario,pianissimo,83,B5,Very high,EWSD_score_acoustic_balanced,6.882719555596517,2.895692517718536,13.23356781018814,0.4179161632696534,C:\Users\lmr20\Desktop\Strings\Strings\violin\_1_\ARCO_Normal_pianissimo\_Sustains\analysis_results\ARCO_Normal_pianissimo.xlsx
Violin,_1_,ordinario,pianissimo,86,D6,Very high,EWSD_score_acoustic_balanced,11.15070442359854,4.246652867769554,12.10594744138656,0.20096702942884,C:\Users\lmr20\Desktop\Strings\Strings\violin\_1_\ARCO_Normal_pianissimo\_Sustains\analysis_results\ARCO_Normal_pianissimo.xlsx
Violin,_1_,ordinario,pianissimo,87,D#6,Very high,EWSD_score_acoustic_balanced,9.445711764222391,3.76193595678002,15.51651611786673,0.3372231211208899,C:\Users\lmr20\Desktop\Strings\Strings\violin\_1_\ARCO_Normal_pianissimo\_Sustains\analysis_results\ARCO_Normal_pianissimo.xlsx
Violin,_1_,ordinario,pianissimo,88,E6,Very high,EWSD_score_acoustic_balanced,7.856360481121444,3.514966869100936,13.54647140465688,0.3494252432501035,C:\Users\lmr20\Desktop\Strings\Strings\violin\_1_\ARCO_Normal_pianissimo\_Sustains\analysis_results\ARCO_Normal_pianissimo.xlsx
Violin,_1_,ordinario,pianissimo,89,F6,Very high,EWSD_score_acoustic_balanced,7.112145528217689,3.132834035148223,10.53711108973861,0.3031093037607541,C:\Users\lmr20\Desktop\Strings\Strings\violin\_1_\ARCO_Normal_pianissimo\_Sustains\analysis_results\ARCO_Normal_pianissimo.xlsx
Violin,_1_,ordinario,pianissimo,90,F#6,Very high,EWSD_score_acoustic_balanced,5.397885942979125,2.448087707266616,9.616222252010584,0.3706089142801719,C:\Users\lmr20\Desktop\Strings\Strings\violin\_1_\ARCO_Normal_pianissimo\_Sustains\analysis_results\ARCO_Normal_pianissimo.xlsx
Violin,_1_,ordinario,pianissimo,91,G6,Very high,EWSD_score_acoustic_balanced,4.865308843871095,3.327497204179219,6.095438109151717,0.1672270335233859,C:\Users\lmr20\Desktop\Strings\Strings\violin\_1_\ARCO_Normal_pianissimo\_Sustains\analysis_results\ARCO_Normal_pianissimo.xlsx
Violin,_1_,ordinario,pianissimo,93,A6,Very high,EWSD_score_acoustic_balanced,5.316138645308925,3.687308155858111,5.801377714052312,0.1077167872121916,C:\Users\lmr20\Desktop\Strings\Strings\violin\_1_\ARCO_Normal_pianissimo\_Sustains\analysis_results\ARCO_Normal_pianissimo.xlsx
Violin,_1_,ordinario,pianissimo,94,A#6,Very high,EWSD_score_acoustic_balanced,5.497738008080077,3.697153445966053,6.054057995914699,0.1169667228430041,C:\Users\lmr20\Desktop\Strings\Strings\violin\_1_\ARCO_Normal_pianissimo\_Sustains\analysis_results\ARCO_Normal_pianissimo.xlsx
Violin,_1_,ordinario,pianissimo,95,B6,Very high,EWSD_score_acoustic_balanced,4.4537545803344,3.594606080367752,5.246459246295656,0.0974160889767406,C:\Users\lmr20\Desktop\Strings\Strings\violin\_1_\ARCO_Normal_pianissimo\_Sustains\analysis_results\ARCO_Normal_pianissimo.xlsx
Violin,_1_,ordinario,pianissimo,96,C7,Very high,EWSD_score_acoustic_balanced,4.07691282996328,2.773898130164565,6.987828791031952,0.2782610629759409,C:\Users\lmr20\Desktop\Strings\Strings\violin\_1_\ARCO_Normal_pianissimo\_Sustains\analysis_results\ARCO_Normal_pianissimo.xlsx
Violin,_1_,ordinario,pianissimo,98,D7,Very high,EWSD_score_acoustic_balanced,5.760114249432145,3.497665886078742,7.140631010682572,0.1840594268680299,C:\Users\lmr20\Desktop\Strings\Strings\violin\_1_\ARCO_Normal_pianissimo\_Sustains\analysis_results\ARCO_Normal_pianissimo.xlsx
Violin,_1_,ordinario,pianissimo,100,E7,Very high,EWSD_score_acoustic_balanced,4.576467910487517,3.835310043948225,4.667931089316379,0.0532803435360726,C:\Users\lmr20\Desktop\Strings\Strings\violin\_1_\ARCO_Normal_pianissimo\_Sustains\analysis_results\ARCO_Normal_pianissimo.xlsx
Violin,_1_,ordinario,pianissimo,101,F7,Very high,EWSD_score_acoustic_balanced,3.803172092409595,3.603263892160662,4.298964323703036,0.049126718965991,C:\Users\lmr20\Desktop\Strings\Strings\violin\_1_\ARCO_Normal_pianissimo\_Sustains\analysis_results\ARCO_Normal_pianissimo.xlsx
Violin,_1_,ordinario,pianissimo,102,F#7,Very high,EWSD_score_acoustic_balanced,4.51857026992657,3.516443383225426,6.245588140591495,0.1585897884941059,C:\Users\lmr20\Desktop\Strings\Strings\violin\_1_\ARCO_Normal_pianissimo\_Sustains\analysis_results\ARCO_Normal_pianissimo.xlsx
Violin,_1_,ordinario,pianissimo,103,G7,Very high,EWSD_score_acoustic_balanced,4.005736979751322,3.719910975528514,5.125922976023817,0.0911944750892357,C:\Users\lmr20\Desktop\Strings\Strings\violin\_1_\ARCO_Normal_pianissimo\_Sustains\analysis_results\ARCO_Normal_pianissimo.xlsx
Violin,_1_,ordinario,piano,55,G3,Middle,EWSD_score_acoustic_balanced,35.07141104378886,16.97603049502473,48.99512083650964,0.2236181823879594,C:\Users\lmr20\Desktop\Strings\Strings\violin\_1_\ARCO_Normal_piano\_Sustains\analysis_results\ARCO_Normal_piano.xlsx
Violin,_1_,ordinario,piano,56,G#3,Middle,EWSD_score_acoustic_balanced,28.32762260374315,13.66235654502245,33.76831600012701,0.1923803132548693,C:\Users\lmr20\Desktop\Strings\Strings\violin\_1_\ARCO_Normal_piano\_Sustains\analysis_results\ARCO_Normal_piano.xlsx
Violin,_1_,ordinario,piano,57,A3,Middle,EWSD_score_acoustic_balanced,32.54734227839292,11.6171048501127,34.8408618682062,0.1826277007449797,C:\Users\lmr20\Desktop\Strings\Strings\violin\_1_\ARCO_Normal_piano\_Sustains\analysis_results\ARCO_Normal_piano.xlsx
Violin,_1_,ordinario,piano,58,A#3,Middle,EWSD_score_acoustic_balanced,12.60590542182686,5.042518047192387,20.52588294381247,0.3417659823959913,C:\Users\lmr20\Desktop\Strings\Strings\violin\_1_\ARCO_Normal_piano\_Sustains\analysis_results\ARCO_Normal_piano.xlsx
Violin,_1_,ordinario,piano,61,C#4,High,EWSD_score_acoustic_balanced,11.70993853958896,3.934110377579162,18.14435508445283,0.3372711294006216,C:\Users\lmr20\Desktop\Strings\Strings\violin\_1_\ARCO_Normal_piano\_Sustains\analysis_results\ARCO_Normal_piano.xlsx
Violin,_1_,ordinario,piano,62,D4,High,EWSD_score_acoustic_balanced,17.03783491897532,6.259489321818624,25.05237848553201,0.2873542023381228,C:\Users\lmr20\Desktop\Strings\Strings\violin\_1_\ARCO_Normal_piano\_Sustains\analysis_results\ARCO_Normal_piano.xlsx
Violin,_1_,ordinario,piano,64,E4,High,EWSD_score_acoustic_balanced,21.75989822070732,8.174312050791738,29.97650681883129,0.2531225884249838,C:\Users\lmr20\Desktop\Strings\Strings\violin\_1_\ARCO_Normal_piano\_Sustains\analysis_results\ARCO_Normal_piano.xlsx
Violin,_1_,ordinario,piano,77,F5,Very high,EWSD_score_acoustic_balanced,12.11460272101857,4.064220549412722,16.81014868893769,0.2926675707013844,C:\Users\lmr20\Desktop\Strings\Strings\violin\_1_\ARCO_Normal_piano\_Sustains\analysis_results\ARCO_Normal_piano.xlsx
Violin,_1_,ordinario,piano,80,G#5,Very high,EWSD_score_acoustic_balanced,9.338380895433238,3.784040731743024,15.0339290432016,0.3290365939625453,C:\Users\lmr20\Desktop\Strings\Strings\violin\_1_\ARCO_Normal_piano\_Sustains\analysis_results\ARCO_Normal_piano.xlsx
Violin,_1_,ordinario,piano,84,C6,Very high,EWSD_score_acoustic_balanced,5.554032797987514,2.540890881259048,11.34341782375892,0.4471714235738106,C:\Users\lmr20\Desktop\Strings\Strings\violin\_1_\ARCO_Normal_piano\_Sustains\analysis_results\ARCO_Normal_piano.xlsx
Violin,_1_,ordinario,piano,85,C#6,Very high,EWSD_score_acoustic_balanced,7.693667717793178,3.494633356596899,14.4094821273083,0.3765757779184324,C:\Users\lmr20\Desktop\Strings\Strings\violin\_1_\ARCO_Normal_piano\_Sustains\analysis_results\ARCO_Normal_piano.xlsx
Violin,_1_,ordinario,piano,86,D6,Very high,EWSD_score_acoustic_balanced,7.594702073036862,3.656537153722632,11.33164534057669,0.2710970554634717,C:\Users\lmr20\Desktop\Strings\Strings\violin\_1_\ARCO_Normal_piano\_Sustains\analysis_results\ARCO_Normal_piano.xlsx
Violin,_1_,ordinario,piano,88,E6,Very high,EWSD_score_acoustic_balanced,9.083509539247183,3.847065594105608,12.03251370134833,0.2448568319700321,C:\Users\lmr20\Desktop\Strings\Strings\violin\_1_\ARCO_Normal_piano\_Sustains\analysis_results\ARCO_Normal_piano.xlsx
Violin,_1_,ordinario,piano,93,A6,Very high,EWSD_score_acoustic_balanced,6.104660467392318,3.081466881247876,8.3565839494635,0.2394570839622324,C:\Users\lmr20\Desktop\Strings\Strings\violin\_1_\ARCO_Normal_piano\_Sustains\analysis_results\ARCO_Normal_piano.xlsx
Violin,_1_,ordinario,piano,94,A#6,Very high,EWSD_score_acoustic_balanced,5.151561885107367,2.831504688377708,10.02907092397723,0.377954339367896,C:\Users\lmr20\Desktop\Strings\Strings\violin\_1_\ARCO_Normal_piano\_Sustains\analysis_results\ARCO_Normal_piano.xlsx
Violin,_1_,ordinario,piano,95,B6,Very high,EWSD_score_acoustic_balanced,5.768777505080215,2.827219856431226,10.25752196255713,0.3461032940257042,C:\Users\lmr20\Desktop\Strings\Strings\violin\_1_\ARCO_Normal_piano\_Sustains\analysis_results\ARCO_Normal_piano.xlsx
Violin,_1_,ordinario,piano,97,C#7,Very high,EWSD_score_acoustic_balanced,4.401285759005562,3.210875878780087,7.062102792237708,0.2360594293115106,C:\Users\lmr20\Desktop\Strings\Strings\violin\_1_\ARCO_Normal_piano\_Sustains\analysis_results\ARCO_Normal_piano.xlsx
Violin,_1_,ordinario,piano,99,D#7,Very high,EWSD_score_acoustic_balanced,3.182876148434876,2.251829343220123,8.06167975690325,0.4758898838542049,C:\Users\lmr20\Desktop\Strings\Strings\violin\_1_\ARCO_Normal_piano\_Sustains\analysis_results\ARCO_Normal_piano.xlsx
Violin,_1_,ordinario,piano,100,E7,Very high,EWSD_score_acoustic_balanced,4.414244947004241,2.902543462232514,6.701322075707699,0.2419550639100248,C:\Users\lmr20\Desktop\Strings\Strings\violin\_1_\ARCO_Normal_piano\_Sustains\analysis_results\ARCO_Normal_piano.xlsx
Violin,_1_,ordinario,piano,101,F7,Very high,EWSD_score_acoustic_balanced,4.356960740308736,3.134211590451882,6.683167260789001,0.2164236181662185,C:\Users\lmr20\Desktop\Strings\Strings\violin\_1_\ARCO_Normal_piano\_Sustains\analysis_results\ARCO_Normal_piano.xlsx
Violin,_1_,ordinario,piano,102,F#7,Very high,EWSD_score_acoustic_balanced,4.34981055893804,3.723440936608326,5.038057912157683,0.0789521307621789,C:\Users\lmr20\Desktop\Strings\Strings\violin\_1_\ARCO_Normal_piano\_Sustains\analysis_results\ARCO_Normal_piano.xlsx
Violin,con-sord,con_sordino,forte,55,G3,Middle,EWSD_score_acoustic_balanced,38.57005175647964,25.1154167014353,51.92864245024937,0.1746589522287993,C:\Users\lmr20\Desktop\Strings\Strings\violin\con-sord\sordina_forte\_Sustains\analysis_results\sordina_forte.xlsx
Violin,con-sord,con_sordino,forte,56,G#3,Middle,EWSD_score_acoustic_balanced,17.02151457152067,9.776815847818854,23.7259234001485,0.2084922569248542,C:\Users\lmr20\Desktop\Strings\Strings\violin\con-sord\sordina_forte\_Sustains\analysis_results\sordina_forte.xlsx
Violin,con-sord,con_sordino,forte,58,A#3,Middle,EWSD_score_acoustic_balanced,17.42707547884308,11.25383205636125,26.65094660501421,0.2415785031761626,C:\Users\lmr20\Desktop\Strings\Strings\violin\con-sord\sordina_forte\_Sustains\analysis_results\sordina_forte.xlsx
Violin,con-sord,con_sordino,forte,61,C#4,High,EWSD_score_acoustic_balanced,27.90771611432821,14.02838003123446,32.16727489362262,0.1657532272180166,C:\Users\lmr20\Desktop\Strings\Strings\violin\con-sord\sordina_forte\_Sustains\analysis_results\sordina_forte.xlsx
Violin,con-sord,con_sordino,forte,62,D4,High,EWSD_score_acoustic_balanced,22.62736592147622,13.57367484992888,32.26566095712511,0.215497145859801,C:\Users\lmr20\Desktop\Strings\Strings\violin\con-sord\sordina_forte\_Sustains\analysis_results\sordina_forte.xlsx
Violin,con-sord,con_sordino,forte,64,E4,High,EWSD_score_acoustic_balanced,20.2490388026087,10.86962343194924,27.31130033060133,0.2056462006272248,C:\Users\lmr20\Desktop\Strings\Strings\violin\con-sord\sordina_forte\_Sustains\analysis_results\sordina_forte.xlsx
Violin,con-sord,con_sordino,forte,65,F4,High,EWSD_score_acoustic_balanced,22.87823931084347,11.40637314591497,31.07779731761431,0.2248685919538732,C:\Users\lmr20\Desktop\Strings\Strings\violin\con-sord\sordina_forte\_Sustains\analysis_results\sordina_forte.xlsx
Violin,con-sord,con_sordino,forte,66,F#4,High,EWSD_score_acoustic_balanced,13.85436376707137,7.248651581036101,22.79579032755952,0.3025236715563662,C:\Users\lmr20\Desktop\Strings\Strings\violin\con-sord\sordina_forte\_Sustains\analysis_results\sordina_forte.xlsx
Violin,con-sord,con_sordino,forte,70,A#4,High,EWSD_score_acoustic_balanced,9.55938699894925,4.805714243925062,17.92598613247952,0.350718704370289,C:\Users\lmr20\Desktop\Strings\Strings\violin\con-sord\sordina_forte\_Sustains\analysis_results\sordina_forte.xlsx
Violin,con-sord,con_sordino,forte,71,B4,High,EWSD_score_acoustic_balanced,14.40809865501211,7.356491727060365,24.26451249844914,0.3044691140511616,C:\Users\lmr20\Desktop\Strings\Strings\violin\con-sord\sordina_forte\_Sustains\analysis_results\sordina_forte.xlsx
Violin,con-sord,con_sordino,forte,72,C5,Very high,EWSD_score_acoustic_balanced,11.17727224028746,6.56171771266274,17.7934049217302,0.2671189616518489,C:\Users\lmr20\Desktop\Strings\Strings\violin\con-sord\sordina_forte\_Sustains\analysis_results\sordina_forte.xlsx
Violin,con-sord,con_sordino,forte,75,D#5,Very high,EWSD_score_acoustic_balanced,12.8549090354491,6.484469534387938,19.74683512559124,0.2832290224809969,C:\Users\lmr20\Desktop\Strings\Strings\violin\con-sord\sordina_forte\_Sustains\analysis_results\sordina_forte.xlsx
Violin,con-sord,con_sordino,forte,76,E5,Very high,EWSD_score_acoustic_balanced,14.26749988479814,5.70433723987697,20.27526471791617,0.2666415553759354,C:\Users\lmr20\Desktop\Strings\Strings\violin\con-sord\sordina_forte\_Sustains\analysis_results\sordina_forte.xlsx
Violin,con-sord,con_sordino,forte,80,G#5,Very high,EWSD_score_acoustic_balanced,7.557483757234926,4.020670842402766,13.98107297316285,0.3128794778422888,C:\Users\lmr20\Desktop\Strings\Strings\violin\con-sord\sordina_forte\_Sustains\analysis_results\sordina_forte.xlsx
Violin,con-sord,con_sordino,forte,83,B5,Very high,EWSD_score_acoustic_balanced,6.472104917604609,3.969695695366199,11.85697458489559,0.3126759533336459,C:\Users\lmr20\Desktop\Strings\Strings\violin\con-sord\sordina_forte\_Sustains\analysis_results\sordina_forte.xlsx
Violin,con-sord,con_sordino,forte,85,C#6,Very high,EWSD_score_acoustic_balanced,7.601649068273296,3.178226910070575,14.63696730478334,0.4334087953539377,C:\Users\lmr20\Desktop\Strings\Strings\violin\con-sord\sordina_forte\_Sustains\analysis_results\sordina_forte.xlsx
Violin,con-sord,con_sordino,forte,86,D6,Very high,EWSD_score_acoustic_balanced,11.95246342504672,4.303064051344502,16.43319105009171,0.2712616564780468,C:\Users\lmr20\Desktop\Strings\Strings\violin\con-sord\sordina_forte\_Sustains\analysis_results\sordina_forte.xlsx
Violin,con-sord,con_sordino,forte,91,G6,Very high,EWSD_score_acoustic_balanced,7.9468302922032,3.37333867761088,10.23232470665785,0.2367148773186704,C:\Users\lmr20\Desktop\Strings\Strings\violin\con-sord\sordina_forte\_Sustains\analysis_results\sordina_forte.xlsx
Violin,con-sord,con_sordino,mezzo-forte,55,G3,Middle,EWSD_score_acoustic_balanced,47.60891598959189,32.4352187106277,61.47187459191631,0.1590067613086243,C:\Users\lmr20\Desktop\Strings\Strings\violin\con-sord\sordina_mezzo-forte\_Sustains\analysis_results\sordina_mezzo-forte.xlsx
Violin,con-sord,con_sordino,mezzo-forte,67,G4,High,EWSD_score_acoustic_balanced,15.91768039834941,9.085188675254871,24.65741557777639,0.256259280981431,C:\Users\lmr20\Desktop\Strings\Strings\violin\con-sord\sordina_mezzo-forte\_Sustains\analysis_results\sordina_mezzo-forte.xlsx
Violin,con-sord,con_sordino,mezzo-forte,82,A#5,Very high,EWSD_score_acoustic_balanced,6.314669795711421,3.867163467628806,12.83872567312256,0.3812618752855966,C:\Users\lmr20\Desktop\Strings\Strings\violin\con-sord\sordina_mezzo-forte\_Sustains\analysis_results\sordina_mezzo-forte.xlsx
Violin,con-sord,con_sordino,mezzo-forte,93,A6,Very high,EWSD_score_acoustic_balanced,7.179250327921426,4.05064044503516,7.685217215227918,0.1338832489035372,C:\Users\lmr20\Desktop\Strings\Strings\violin\con-sord\sordina_mezzo-forte\_Sustains\analysis_results\sordina_mezzo-forte.xlsx
Violin,con-sord,con_sordino,mezzo-piano,56,G#3,Middle,EWSD_score_acoustic_balanced,19.58758296248738,8.592577435950558,22.524676661285,0.1780160238699032,C:\Users\lmr20\Desktop\Strings\Strings\violin\con-sord\sordina_mezzo-piano\_Sustains\analysis_results\sordina_mezzo-piano.xlsx
Violin,con-sord,con_sordino,mezzo-piano,58,A#3,Middle,EWSD_score_acoustic_balanced,14.41458951764557,7.702315761925956,22.98031243865444,0.2811732201179591,C:\Users\lmr20\Desktop\Strings\Strings\violin\con-sord\sordina_mezzo-piano\_Sustains\analysis_results\sordina_mezzo-piano.xlsx
Violin,con-sord,con_sordino,mezzo-piano,61,C#4,High,EWSD_score_acoustic_balanced,21.50672934260379,8.45779130916852,27.54523908173172,0.2324278362402356,C:\Users\lmr20\Desktop\Strings\Strings\violin\con-sord\sordina_mezzo-piano\_Sustains\analysis_results\sordina_mezzo-piano.xlsx
Violin,con-sord,con_sordino,mezzo-piano,62,D4,High,EWSD_score_acoustic_balanced,15.27147020114631,5.575167371653918,23.12817747002769,0.2997462445572159,C:\Users\lmr20\Desktop\Strings\Strings\violin\con-sord\sordina_mezzo-piano\_Sustains\analysis_results\sordina_mezzo-piano.xlsx
Violin,con-sord,con_sordino,mezzo-piano,64,E4,High,EWSD_score_acoustic_balanced,14.35105100386146,5.381983007815998,20.67426547741583,0.2841135787735427,C:\Users\lmr20\Desktop\Strings\Strings\violin\con-sord\sordina_mezzo-piano\_Sustains\analysis_results\sordina_mezzo-piano.xlsx
Violin,con-sord,con_sordino,mezzo-piano,65,F4,High,EWSD_score_acoustic_balanced,15.99574418599507,6.539776356175849,23.65672943997917,0.2694862746536885,C:\Users\lmr20\Desktop\Strings\Strings\violin\con-sord\sordina_mezzo-piano\_Sustains\analysis_results\sordina_mezzo-piano.xlsx
Violin,con-sord,con_sordino,mezzo-piano,67,G4,High,EWSD_score_acoustic_balanced,15.81543111058239,5.406791904541921,24.35049346806048,0.3193055610322836,C:\Users\lmr20\Desktop\Strings\Strings\violin\con-sord\sordina_mezzo-piano\_Sustains\analysis_results\sordina_mezzo-piano.xlsx
Violin,con-sord,con_sordino,mezzo-piano,70,A#4,High,EWSD_score_acoustic_balanced,10.66344617936872,3.90336831208011,17.61783224509445,0.3409187336424978,C:\Users\lmr20\Desktop\Strings\Strings\violin\con-sord\sordina_mezzo-piano\_Sustains\analysis_results\sordina_mezzo-piano.xlsx
Violin,con-sord,con_sordino,mezzo-piano,71,B4,High,EWSD_score_acoustic_balanced,13.21561709226974,5.35632962968119,22.7615695692944,0.3422398781975545,C:\Users\lmr20\Desktop\Strings\Strings\violin\con-sord\sordina_mezzo-piano\_Sustains\analysis_results\sordina_mezzo-piano.xlsx
Violin,con-sord,con_sordino,mezzo-piano,72,C5,Very high,EWSD_score_acoustic_balanced,11.8899821345852,5.673712782257851,16.38917610357645,0.2332289192526715,C:\Users\lmr20\Desktop\Strings\Strings\violin\con-sord\sordina_mezzo-piano\_Sustains\analysis_results\sordina_mezzo-piano.xlsx
Violin,con-sord,con_sordino,mezzo-piano,76,E5,Very high,EWSD_score_acoustic_balanced,13.22062227871618,4.445008875267811,13.07140719365031,0.1772803505147361,C:\Users\lmr20\Desktop\Strings\Strings\violin\con-sord\sordina_mezzo-piano\_Sustains\analysis_results\sordina_mezzo-piano.xlsx
Violin,con-sord,con_sordino,mezzo-piano,80,G#5,Very high,EWSD_score_acoustic_balanced,7.217710787519227,3.542613420741763,13.67453547299418,0.4175494758771486,C:\Users\lmr20\Desktop\Strings\Strings\violin\con-sord\sordina_mezzo-piano\_Sustains\analysis_results\sordina_mezzo-piano.xlsx
Violin,con-sord,con_sordino,mezzo-piano,82,A#5,Very high,EWSD_score_acoustic_balanced,6.022203958030374,2.810559781760789,13.12311070054894,0.4718631296046748,C:\Users\lmr20\Desktop\Strings\Strings\violin\con-sord\sordina_mezzo-piano\_Sustains\analysis_results\sordina_mezzo-piano.xlsx
Violin,con-sord,con_sordino,mezzo-piano,86,D6,Very high,EWSD_score_acoustic_balanced,9.3645072837827,3.942650444512989,10.65388771245529,0.194688522003509,C:\Users\lmr20\Desktop\Strings\Strings\violin\con-sord\sordina_mezzo-piano\_Sustains\analysis_results\sordina_mezzo-piano.xlsx
Violin,con-sord,con_sordino,mezzo-piano,91,G6,Very high,EWSD_score_acoustic_balanced,6.629916558421039,3.03359577163351,9.455142758280685,0.2606883331692001,C:\Users\lmr20\Desktop\Strings\Strings\violin\con-sord\sordina_mezzo-piano\_Sustains\analysis_results\sordina_mezzo-piano.xlsx
Violin,con-sord,con_sordino,piano,55,G3,Middle,EWSD_score_acoustic_balanced,27.25391147580427,16.67412903464238,39.09156021004794,0.212894382161302,C:\Users\lmr20\Desktop\Strings\Strings\violin\con-sord\sordina_piano\_Sustains\analysis_results\sordina_piano.xlsx
Violin,con-sord,con_sordino,piano,61,C#4,High,EWSD_score_acoustic_balanced,18.84208960669456,7.466197383427479,24.25529691303243,0.2419144355867573,C:\Users\lmr20\Desktop\Strings\Strings\violin\con-sord\sordina_piano\_Sustains\analysis_results\sordina_piano.xlsx
Violin,con-sord,con_sordino,piano,75,D#5,Very high,EWSD_score_acoustic_balanced,11.16359428966932,3.896200208374291,16.15667967362662,0.2901232372967435,C:\Users\lmr20\Desktop\Strings\Strings\violin\con-sord\sordina_piano\_Sustains\analysis_results\sordina_piano.xlsx
Violin,con-sord,con_sordino,piano,83,B5,Very high,EWSD_score_acoustic_balanced,5.933661295117178,3.196648949920097,12.11529011950133,0.3911960940354387,C:\Users\lmr20\Desktop\Strings\Strings\violin\con-sord\sordina_piano\_Sustains\analysis_results\sordina_piano.xlsx
Violin,con-sord,con_sordino,piano,85,C#6,Very high,EWSD_score_acoustic_balanced,6.162235747258006,3.397716791269288,12.60745944776861,0.4262351054776023,C:\Users\lmr20\Desktop\Strings\Strings\violin\con-sord\sordina_piano\_Sustains\analysis_results\sordina_piano.xlsx
Violin,con-sord,con_sordino,piano,93,A6,Very high,EWSD_score_acoustic_balanced,5.156090914279368,2.955838959971696,6.838227142946554,0.1977235597148409,C:\Users\lmr20\Desktop\Strings\Strings\violin\con-sord\sordina_piano\_Sustains\analysis_results\sordina_piano.xlsx
Violin,harmonics,artificial_harmonics,unspecified,73,C#5,Very high,EWSD_score_acoustic_balanced,8.890440650714167,3.795465154823995,15.69025796932279,0.3543878592517933,C:\Users\lmr20\Desktop\Strings\Strings\violin\harmonics\Harmónicos artificiais\_Sustains\analysis_results\Harmónicos artificiais.xlsx
Violin,harmonics,artificial_harmonics,unspecified,73,C#5,Very high,EWSD_score_acoustic_balanced,8.890440650714167,3.795465154823995,15.69025796932279,0.3543878592517933,C:\Users\lmr20\Desktop\Strings\Strings\violin\harmonics\Harmónicos artificiais\_Sustains\analysis_results\Harmónicos artificiais.xlsx
Violin,harmonics,artificial_harmonics,unspecified,78,F#5,Very high,EWSD_score_acoustic_balanced,6.572492554072459,2.986539033192137,13.75243995409972,0.4643367354042535,C:\Users\lmr20\Desktop\Strings\Strings\violin\harmonics\Harmónicos artificiais\_Sustains\analysis_results\Harmónicos artificiais.xlsx
Violin,harmonics,artificial_harmonics,unspecified,78,F#5,Very high,EWSD_score_acoustic_balanced,6.572492554072459,2.986539033192137,13.75243995409972,0.4643367354042535,C:\Users\lmr20\Desktop\Strings\Strings\violin\harmonics\Harmónicos artificiais\_Sustains\analysis_results\Harmónicos artificiais.xlsx
Violin,harmonics,artificial_harmonics,unspecified,79,G5,Very high,EWSD_score_acoustic_balanced,6.986157834808714,3.48473669590854,12.075579876342,0.3547848229165679,C:\Users\lmr20\Desktop\Strings\Strings\violin\harmonics\Harmónicos artificiais\_Sustains\analysis_results\Harmónicos artificiais.xlsx
Violin,harmonics,artificial_harmonics,unspecified,79,G5,Very high,EWSD_score_acoustic_balanced,6.986157834808714,3.48473669590854,12.075579876342,0.3547848229165679,C:\Users\lmr20\Desktop\Strings\Strings\violin\harmonics\Harmónicos artificiais\_Sustains\analysis_results\Harmónicos artificiais.xlsx
Violin,harmonics,artificial_harmonics,unspecified,80,G#5,Very high,EWSD_score_acoustic_balanced,11.02150506851061,4.584388065409547,15.22111298319895,0.2508560308734106,C:\Users\lmr20\Desktop\Strings\Strings\violin\harmonics\Harmónicos artificiais\_Sustains\analysis_results\Harmónicos artificiais.xlsx
Violin,harmonics,artificial_harmonics,unspecified,80,G#5,Very high,EWSD_score_acoustic_balanced,11.02150506851061,4.584388065409547,15.22111298319895,0.2508560308734106,C:\Users\lmr20\Desktop\Strings\Strings\violin\harmonics\Harmónicos artificiais\_Sustains\analysis_results\Harmónicos artificiais.xlsx
Violin,harmonics,artificial_harmonics,unspecified,82,A#5,Very high,EWSD_score_acoustic_balanced,7.551207288685988,3.058447445884364,15.15951489490713,0.419261894120427,C:\Users\lmr20\Desktop\Strings\Strings\violin\harmonics\Harmónicos artificiais\_Sustains\analysis_results\Harmónicos artificiais.xlsx
Violin,harmonics,artificial_harmonics,unspecified,82,A#5,Very high,EWSD_score_acoustic_balanced,7.551207288685988,3.058447445884364,15.15951489490713,0.419261894120427,C:\Users\lmr20\Desktop\Strings\Strings\violin\harmonics\Harmónicos artificiais\_Sustains\analysis_results\Harmónicos artificiais.xlsx
Violin,harmonics,artificial_harmonics,unspecified,85,C#6,Very high,EWSD_score_acoustic_balanced,7.748837940994038,3.091618862740299,13.767967066298,0.3546301777089823,C:\Users\lmr20\Desktop\Strings\Strings\violin\harmonics\Harmónicos artificiais\_Sustains\analysis_results\Harmónicos artificiais.xlsx
Violin,harmonics,artificial_harmonics,unspecified,85,C#6,Very high,EWSD_score_acoustic_balanced,7.748837940994038,3.091618862740299,13.767967066298,0.3546301777089823,C:\Users\lmr20\Desktop\Strings\Strings\violin\harmonics\Harmónicos artificiais\_Sustains\analysis_results\Harmónicos artificiais.xlsx
Violin,harmonics,artificial_harmonics,unspecified,88,E6,Very high,EWSD_score_acoustic_balanced,12.78793560896734,4.286261489367869,19.7517279034604,0.3031860070474036,C:\Users\lmr20\Desktop\Strings\Strings\violin\harmonics\Harmónicos artificiais\_Sustains\analysis_results\Harmónicos artificiais.xlsx
Violin,harmonics,artificial_harmonics,unspecified,88,E6,Very high,EWSD_score_acoustic_balanced,12.78793560896734,4.286261489367869,19.7517279034604,0.3031860070474036,C:\Users\lmr20\Desktop\Strings\Strings\violin\harmonics\Harmónicos artificiais\_Sustains\analysis_results\Harmónicos artificiais.xlsx
Violin,harmonics,artificial_harmonics,unspecified,89,F6,Very high,EWSD_score_acoustic_balanced,6.823077726870852,2.978078446270928,11.56747428276853,0.3442976248086834,C:\Users\lmr20\Desktop\Strings\Strings\violin\harmonics\Harmónicos artificiais\_Sustains\analysis_results\Harmónicos artificiais.xlsx
Violin,harmonics,artificial_harmonics,unspecified,89,F6,Very high,EWSD_score_acoustic_balanced,6.823077726870852,2.978078446270928,11.56747428276853,0.3442976248086834,C:\Users\lmr20\Desktop\Strings\Strings\violin\harmonics\Harmónicos artificiais\_Sustains\analysis_results\Harmónicos artificiais.xlsx
Violin,harmonics,artificial_harmonics,unspecified,91,G6,Very high,EWSD_score_acoustic_balanced,4.107494617249822,2.2190731721688,8.816160447755388,0.4273571504951468,C:\Users\lmr20\Desktop\Strings\Strings\violin\harmonics\Harmónicos artificiais\_Sustains\analysis_results\Harmónicos artificiais.xlsx
Violin,harmonics,artificial_harmonics,unspecified,91,G6,Very high,EWSD_score_acoustic_balanced,4.107494617249822,2.2190731721688,8.816160447755388,0.4273571504951468,C:\Users\lmr20\Desktop\Strings\Strings\violin\harmonics\Harmónicos artificiais\_Sustains\analysis_results\Harmónicos artificiais.xlsx
Violin,harmonics,artificial_harmonics,unspecified,92,G#6,Very high,EWSD_score_acoustic_balanced,4.6396414743911,3.045262807279882,7.742962717184918,0.3157825674099836,C:\Users\lmr20\Desktop\Strings\Strings\violin\harmonics\Harmónicos artificiais\_Sustains\analysis_results\Harmónicos artificiais.xlsx
Violin,harmonics,artificial_harmonics,unspecified,92,G#6,Very high,EWSD_score_acoustic_balanced,4.6396414743911,3.045262807279882,7.742962717184918,0.3157825674099836,C:\Users\lmr20\Desktop\Strings\Strings\violin\harmonics\Harmónicos artificiais\_Sustains\analysis_results\Harmónicos artificiais.xlsx
Violin,harmonics,artificial_harmonics,unspecified,93,A6,Very high,EWSD_score_acoustic_balanced,7.130026091060468,3.291117500411543,10.50930247614649,0.2858401737029195,C:\Users\lmr20\Desktop\Strings\Strings\violin\harmonics\Harmónicos artificiais\_Sustains\analysis_results\Harmónicos artificiais.xlsx
Violin,harmonics,artificial_harmonics,unspecified,93,A6,Very high,EWSD_score_acoustic_balanced,7.130026091060468,3.291117500411543,10.50930247614649,0.2858401737029195,C:\Users\lmr20\Desktop\Strings\Strings\violin\harmonics\Harmónicos artificiais\_Sustains\analysis_results\Harmónicos artificiais.xlsx
Violin,harmonics,artificial_harmonics,unspecified,94,A#6,Very high,EWSD_score_acoustic_balanced,3.728350367022449,1.853295129587315,9.487926663896417,0.5400513635289844,C:\Users\lmr20\Desktop\Strings\Strings\violin\harmonics\Harmónicos artificiais\_Sustains\analysis_results\Harmónicos artificiais.xlsx
Violin,harmonics,artificial_harmonics,unspecified,94,A#6,Very high,EWSD_score_acoustic_balanced,3.728350367022449,1.853295129587315,9.487926663896417,0.5400513635289844,C:\Users\lmr20\Desktop\Strings\Strings\violin\harmonics\Harmónicos artificiais\_Sustains\analysis_results\Harmónicos artificiais.xlsx
Violin,harmonics,artificial_harmonics,unspecified,96,C7,Very high,EWSD_score_acoustic_balanced,3.491929950313815,2.795140448860683,7.709206105091247,0.3877778631628702,C:\Users\lmr20\Desktop\Strings\Strings\violin\harmonics\Harmónicos artificiais\_Sustains\analysis_results\Harmónicos artificiais.xlsx
Violin,harmonics,artificial_harmonics,unspecified,96,C7,Very high,EWSD_score_acoustic_balanced,3.491929950313815,2.795140448860683,7.709206105091247,0.3877778631628702,C:\Users\lmr20\Desktop\Strings\Strings\violin\harmonics\Harmónicos artificiais\_Sustains\analysis_results\Harmónicos artificiais.xlsx
Violin,harmonics,artificial_harmonics,unspecified,98,D7,Very high,EWSD_score_acoustic_balanced,3.592210370739128,2.700579106049206,6.434372319703607,0.2890005617233524,C:\Users\lmr20\Desktop\Strings\Strings\violin\harmonics\Harmónicos artificiais\_Sustains\analysis_results\Harmónicos artificiais.xlsx
Violin,harmonics,artificial_harmonics,unspecified,98,D7,Very high,EWSD_score_acoustic_balanced,3.592210370739128,2.700579106049206,6.434372319703607,0.2890005617233524,C:\Users\lmr20\Desktop\Strings\Strings\violin\harmonics\Harmónicos artificiais\_Sustains\analysis_results\Harmónicos artificiais.xlsx
Violin,harmonics,artificial_harmonics,unspecified,100,E7,Very high,EWSD_score_acoustic_balanced,4.739639223275582,2.339977804392509,10.99907242852357,0.4836376641331858,C:\Users\lmr20\Desktop\Strings\Strings\violin\harmonics\Harmónicos artificiais\_Sustains\analysis_results\Harmónicos artificiais.xlsx
Violin,harmonics,artificial_harmonics,unspecified,100,E7,Very high,EWSD_score_acoustic_balanced,4.739639223275582,2.339977804392509,10.99907242852357,0.4836376641331858,C:\Users\lmr20\Desktop\Strings\Strings\violin\harmonics\Harmónicos artificiais\_Sustains\analysis_results\Harmónicos artificiais.xlsx
Violin,harmonics,artificial_harmonics,unspecified,106,A#7,Very high,EWSD_score_acoustic_balanced,2.295845320910519,1.48424879563394,5.796134067642144,0.4643547873875634,C:\Users\lmr20\Desktop\Strings\Strings\violin\harmonics\Harmónicos artificiais\_Sustains\analysis_results\Harmónicos artificiais.xlsx
Violin,harmonics,artificial_harmonics,unspecified,106,A#7,Very high,EWSD_score_acoustic_balanced,2.295845320910519,1.48424879563394,5.796134067642144,0.4643547873875634,C:\Users\lmr20\Desktop\Strings\Strings\violin\harmonics\Harmónicos artificiais\_Sustains\analysis_results\Harmónicos artificiais.xlsx
Violin,harmonics,artificial_harmonics,unspecified,107,B7,Very high,EWSD_score_acoustic_balanced,3.65743722417962,1.978076205437773,6.753649813406136,0.3691851701051141,C:\Users\lmr20\Desktop\Strings\Strings\violin\harmonics\Harmónicos artificiais\_Sustains\analysis_results\Harmónicos artificiais.xlsx
Violin,harmonics,artificial_harmonics,unspecified,107,B7,Very high,EWSD_score_acoustic_balanced,3.65743722417962,1.978076205437773,6.753649813406136,0.3691851701051141,C:\Users\lmr20\Desktop\Strings\Strings\violin\harmonics\Harmónicos artificiais\_Sustains\analysis_results\Harmónicos artificiais.xlsx
Violin,harmonics,natural_harmonics,mezzo-forte,74,D5,Very high,EWSD_score_acoustic_balanced,9.597118034883207,3.136657271181358,14.72014161362352,0.3253561202393564,C:\Users\lmr20\Desktop\Strings\Strings\violin\harmonics\Harmónicos naturais\harmónicos naturais_mezzo-forte\_Sustains\analysis_results\harmónicos naturais_mezzo-forte.xlsx
Violin,harmonics,natural_harmonics,mezzo-forte,74,D5,Very high,EWSD_score_acoustic_balanced,9.597118034883207,3.136657271181358,14.72014161362352,0.3253561202393564,C:\Users\lmr20\Desktop\Strings\Strings\violin\harmonics\Harmónicos naturais\harmónicos naturais_mezzo-forte\_Sustains\analysis_results\harmónicos naturais_mezzo-forte.xlsx
Violin,harmonics,natural_harmonics,mezzo-forte,81,A5,Very high,EWSD_score_acoustic_balanced,9.734300297964818,4.209130129121372,17.6808115978291,0.367201632834321,C:\Users\lmr20\Desktop\Strings\Strings\violin\harmonics\Harmónicos naturais\harmónicos naturais_mezzo-forte\_Sustains\analysis_results\harmónicos naturais_mezzo-forte.xlsx
Violin,harmonics,natural_harmonics,mezzo-forte,81,A5,Very high,EWSD_score_acoustic_balanced,9.734300297964818,4.209130129121372,17.6808115978291,0.367201632834321,C:\Users\lmr20\Desktop\Strings\Strings\violin\harmonics\Harmónicos naturais\harmónicos naturais_mezzo-forte\_Sustains\analysis_results\harmónicos naturais_mezzo-forte.xlsx
Violin,harmonics,natural_harmonics,mezzo-forte,83,B5,Very high,EWSD_score_acoustic_balanced,9.61019101324601,4.00183664204387,16.40441791468754,0.3260371408677902,C:\Users\lmr20\Desktop\Strings\Strings\violin\harmonics\Harmónicos naturais\harmónicos naturais_mezzo-forte\_Sustains\analysis_results\harmónicos naturais_mezzo-forte.xlsx
Violin,harmonics,natural_harmonics,mezzo-forte,83,B5,Very high,EWSD_score_acoustic_balanced,9.61019101324601,4.00183664204387,16.40441791468754,0.3260371408677902,C:\Users\lmr20\Desktop\Strings\Strings\violin\harmonics\Harmónicos naturais\harmónicos naturais_mezzo-forte\_Sustains\analysis_results\harmónicos naturais_mezzo-forte.xlsx
Violin,harmonics,natural_harmonics,mezzo-forte,84,C6,Very high,EWSD_score_acoustic_balanced,4.185308832894617,2.69670610573513,10.18301036677046,0.5138363948263232,C:\Users\lmr20\Desktop\Strings\Strings\violin\harmonics\Harmónicos naturais\harmónicos naturais_mezzo-forte\_Sustains\analysis_results\harmónicos naturais_mezzo-forte.xlsx
Violin,harmonics,natural_harmonics,mezzo-forte,85,C#6,Very high,EWSD_score_acoustic_balanced,4.672330075136133,3.195077936572396,9.726068421771846,0.4052175528939662,C:\Users\lmr20\Desktop\Strings\Strings\violin\harmonics\Harmónicos naturais\harmónicos naturais_mezzo-forte\_Sustains\analysis_results\harmónicos naturais_mezzo-forte.xlsx
Violin,harmonics,natural_harmonics,mezzo-forte,85,C#6,Very high,EWSD_score_acoustic_balanced,4.672330075136133,3.195077936572396,9.726068421771846,0.4052175528939662,C:\Users\lmr20\Desktop\Strings\Strings\violin\harmonics\Harmónicos naturais\harmónicos naturais_mezzo-forte\_Sustains\analysis_results\harmónicos naturais_mezzo-forte.xlsx
Violin,harmonics,natural_harmonics,mezzo-forte,86,D6,Very high,EWSD_score_acoustic_balanced,6.426541376673813,2.742249307095249,14.10466356756715,0.4849798960087276,C:\Users\lmr20\Desktop\Strings\Strings\violin\harmonics\Harmónicos naturais\harmónicos naturais_mezzo-forte\_Sustains\analysis_results\harmónicos naturais_mezzo-forte.xlsx
Violin,harmonics,natural_harmonics,mezzo-forte,86,D6,Very high,EWSD_score_acoustic_balanced,6.426541376673813,2.742249307095249,14.10466356756715,0.4849798960087276,C:\Users\lmr20\Desktop\Strings\Strings\violin\harmonics\Harmónicos naturais\harmónicos naturais_mezzo-forte\_Sustains\analysis_results\harmónicos naturais_mezzo-forte.xlsx
Violin,harmonics,natural_harmonics,mezzo-forte,88,E6,Very high,EWSD_score_acoustic_balanced,9.997794692997736,3.815215127867638,18.77960722988173,0.3865870168099605,C:\Users\lmr20\Desktop\Strings\Strings\violin\harmonics\Harmónicos naturais\harmónicos naturais_mezzo-forte\_Sustains\analysis_results\harmónicos naturais_mezzo-forte.xlsx
Violin,harmonics,natural_harmonics,mezzo-forte,88,E6,Very high,EWSD_score_acoustic_balanced,9.997794692997736,3.815215127867638,18.77960722988173,0.3865870168099605,C:\Users\lmr20\Desktop\Strings\Strings\violin\harmonics\Harmónicos naturais\harmónicos naturais_mezzo-forte\_Sustains\analysis_results\harmónicos naturais_mezzo-forte.xlsx
Violin,harmonics,natural_harmonics,mezzo-forte,90,F#6,Very high,EWSD_score_acoustic_balanced,4.039302571616261,1.903274128385888,7.723091585772218,0.3906146366918916,C:\Users\lmr20\Desktop\Strings\Strings\violin\harmonics\Harmónicos naturais\harmónicos naturais_mezzo-forte\_Sustains\analysis_results\harmónicos naturais_mezzo-forte.xlsx
Violin,harmonics,natural_harmonics,mezzo-forte,90,F#6,Very high,EWSD_score_acoustic_balanced,4.039302571616261,1.903274128385888,7.723091585772218,0.3906146366918916,C:\Users\lmr20\Desktop\Strings\Strings\violin\harmonics\Harmónicos naturais\harmónicos naturais_mezzo-forte\_Sustains\analysis_results\harmónicos naturais_mezzo-forte.xlsx
Violin,harmonics,natural_harmonics,mezzo-forte,91,G6,Very high,EWSD_score_acoustic_balanced,5.012482057244105,2.482228057305209,7.918048725947546,0.2891640326919614,C:\Users\lmr20\Desktop\Strings\Strings\violin\harmonics\Harmónicos naturais\harmónicos naturais_mezzo-forte\_Sustains\analysis_results\harmónicos naturais_mezzo-forte.xlsx
Violin,harmonics,natural_harmonics,mezzo-forte,91,G6,Very high,EWSD_score_acoustic_balanced,5.012482057244105,2.482228057305209,7.918048725947546,0.2891640326919614,C:\Users\lmr20\Desktop\Strings\Strings\violin\harmonics\Harmónicos naturais\harmónicos naturais_mezzo-forte\_Sustains\analysis_results\harmónicos naturais_mezzo-forte.xlsx
Violin,harmonics,natural_harmonics,mezzo-forte,92,G#6,Very high,EWSD_score_acoustic_balanced,5.200039019177733,3.867658458427356,5.721251048655227,0.1045443589817988,C:\Users\lmr20\Desktop\Strings\Strings\violin\harmonics\Harmónicos naturais\harmónicos naturais_mezzo-forte\_Sustains\analysis_results\harmónicos naturais_mezzo-forte.xlsx
Violin,harmonics,natural_harmonics,mezzo-forte,92,G#6,Very high,EWSD_score_acoustic_balanced,5.200039019177733,3.867658458427356,5.721251048655227,0.1045443589817988,C:\Users\lmr20\Desktop\Strings\Strings\violin\harmonics\Harmónicos naturais\harmónicos naturais_mezzo-forte\_Sustains\analysis_results\harmónicos naturais_mezzo-forte.xlsx
Violin,harmonics,natural_harmonics,mezzo-forte,93,A6,Very high,EWSD_score_acoustic_balanced,5.662095364626431,3.016844221184207,10.0710266361008,0.3592081339127807,C:\Users\lmr20\Desktop\Strings\Strings\violin\harmonics\Harmónicos naturais\harmónicos naturais_mezzo-forte\_Sustains\analysis_results\harmónicos naturais_mezzo-forte.xlsx
Violin,harmonics,natural_harmonics,mezzo-forte,93,A6,Very high,EWSD_score_acoustic_balanced,5.662095364626431,3.016844221184207,10.0710266361008,0.3592081339127807,C:\Users\lmr20\Desktop\Strings\Strings\violin\harmonics\Harmónicos naturais\harmónicos naturais_mezzo-forte\_Sustains\analysis_results\harmónicos naturais_mezzo-forte.xlsx
Violin,harmonics,natural_harmonics,mezzo-forte,95,B6,Very high,EWSD_score_acoustic_balanced,6.661513185468378,2.680526296093176,13.10799984944113,0.4239081478956405,C:\Users\lmr20\Desktop\Strings\Strings\violin\harmonics\Harmónicos naturais\harmónicos naturais_mezzo-forte\_Sustains\analysis_results\harmónicos naturais_mezzo-forte.xlsx
Violin,harmonics,natural_harmonics,mezzo-forte,95,B6,Very high,EWSD_score_acoustic_balanced,6.661513185468378,2.680526296093176,13.10799984944113,0.4239081478956405,C:\Users\lmr20\Desktop\Strings\Strings\violin\harmonics\Harmónicos naturais\harmónicos naturais_mezzo-forte\_Sustains\analysis_results\harmónicos naturais_mezzo-forte.xlsx
Violin,harmonics,natural_harmonics,mezzo-forte,97,C#7,Very high,EWSD_score_acoustic_balanced,4.403885688103826,3.228548683714534,6.701066796588952,0.2506173267344457,C:\Users\lmr20\Desktop\Strings\Strings\violin\harmonics\Harmónicos naturais\harmónicos naturais_mezzo-forte\_Sustains\analysis_results\harmónicos naturais_mezzo-forte.xlsx
Violin,harmonics,natural_harmonics,mezzo-forte,97,C#7,Very high,EWSD_score_acoustic_balanced,4.403885688103826,3.228548683714534,6.701066796588952,0.2506173267344457,C:\Users\lmr20\Desktop\Strings\Strings\violin\harmonics\Harmónicos naturais\harmónicos naturais_mezzo-forte\_Sustains\analysis_results\harmónicos naturais_mezzo-forte.xlsx
Violin,harmonics,natural_harmonics,mezzo-forte,98,D7,Very high,EWSD_score_acoustic_balanced,3.094311911796233,2.274642272941651,7.21964478817468,0.413560089906468,C:\Users\lmr20\Desktop\Strings\Strings\violin\harmonics\Harmónicos naturais\harmónicos naturais_mezzo-forte\_Sustains\analysis_results\harmónicos naturais_mezzo-forte.xlsx
Violin,harmonics,natural_harmonics,mezzo-forte,98,D7,Very high,EWSD_score_acoustic_balanced,3.094311911796233,2.274642272941651,7.21964478817468,0.413560089906468,C:\Users\lmr20\Desktop\Strings\Strings\violin\harmonics\Harmónicos naturais\harmónicos naturais_mezzo-forte\_Sustains\analysis_results\harmónicos naturais_mezzo-forte.xlsx
Violin,harmonics,natural_harmonics,mezzo-forte,99,D#7,Very high,EWSD_score_acoustic_balanced,2.13362780746348,1.464893410521667,7.027916052052551,0.7143144325179972,C:\Users\lmr20\Desktop\Strings\Strings\violin\harmonics\Harmónicos naturais\harmónicos naturais_mezzo-forte\_Sustains\analysis_results\harmónicos naturais_mezzo-forte.xlsx
Violin,harmonics,natural_harmonics,mezzo-forte,99,D#7,Very high,EWSD_score_acoustic_balanced,2.13362780746348,1.464893410521667,7.027916052052551,0.7143144325179972,C:\Users\lmr20\Desktop\Strings\Strings\violin\harmonics\Harmónicos naturais\harmónicos naturais_mezzo-forte\_Sustains\analysis_results\harmónicos naturais_mezzo-forte.xlsx
Violin,harmonics,natural_harmonics,mezzo-forte,100,E7,Very high,EWSD_score_acoustic_balanced,4.3883065106885,2.079257643358452,9.706109576316548,0.5115111229771648,C:\Users\lmr20\Desktop\Strings\Strings\violin\harmonics\Harmónicos naturais\harmónicos naturais_mezzo-forte\_Sustains\analysis_results\harmónicos naturais_mezzo-forte.xlsx
Violin,harmonics,natural_harmonics,mezzo-forte,100,E7,Very high,EWSD_score_acoustic_balanced,4.3883065106885,2.079257643358452,9.706109576316548,0.5115111229771648,C:\Users\lmr20\Desktop\Strings\Strings\violin\harmonics\Harmónicos naturais\harmónicos naturais_mezzo-forte\_Sustains\analysis_results\harmónicos naturais_mezzo-forte.xlsx
Violin,harmonics,natural_harmonics,mezzo-forte,103,G7,Very high,EWSD_score_acoustic_balanced,5.129771410728965,3.252301306597307,7.245237583888162,0.2419282676271493,C:\Users\lmr20\Desktop\Strings\Strings\violin\harmonics\Harmónicos naturais\harmónicos naturais_mezzo-forte\_Sustains\analysis_results\harmónicos naturais_mezzo-forte.xlsx
Violin,harmonics,natural_harmonics,mezzo-forte,103,G7,Very high,EWSD_score_acoustic_balanced,5.129771410728965,3.252301306597307,7.245237583888162,0.2419282676271493,C:\Users\lmr20\Desktop\Strings\Strings\violin\harmonics\Harmónicos naturais\harmónicos naturais_mezzo-forte\_Sustains\analysis_results\harmónicos naturais_mezzo-forte.xlsx
Violin,harmonics,natural_harmonics,mezzo-forte,104,G#7,Very high,EWSD_score_acoustic_balanced,5.269710322928929,3.553308433648889,6.897852295619913,0.179881869113021,C:\Users\lmr20\Desktop\Strings\Strings\violin\harmonics\Harmónicos naturais\harmónicos naturais_mezzo-forte\_Sustains\analysis_results\harmónicos naturais_mezzo-forte.xlsx
Violin,harmonics,natural_harmonics,mezzo-forte,104,G#7,Very high,EWSD_score_acoustic_balanced,5.269710322928929,3.553308433648889,6.897852295619913,0.179881869113021,C:\Users\lmr20\Desktop\Strings\Strings\violin\harmonics\Harmónicos naturais\harmónicos naturais_mezzo-forte\_Sustains\analysis_results\harmónicos naturais_mezzo-forte.xlsx
Violin,harmonics,natural_harmonics,mezzo-forte,105,A7,Very high,EWSD_score_acoustic_balanced,2.220602322803978,1.717662030866969,5.370074515917891,0.4097810535403629,C:\Users\lmr20\Desktop\Strings\Strings\violin\harmonics\Harmónicos naturais\harmónicos naturais_mezzo-forte\_Sustains\analysis_results\harmónicos naturais_mezzo-forte.xlsx
Violin,harmonics,natural_harmonics,mezzo-forte,105,A7,Very high,EWSD_score_acoustic_balanced,2.220602322803978,1.717662030866969,5.370074515917891,0.4097810535403629,C:\Users\lmr20\Desktop\Strings\Strings\violin\harmonics\Harmónicos naturais\harmónicos naturais_mezzo-forte\_Sustains\analysis_results\harmónicos naturais_mezzo-forte.xlsx
Violin,harmonics,natural_harmonics,mezzo-forte,107,B7,Very high,EWSD_score_acoustic_balanced,3.342892240199372,1.980688260914642,6.630447476229754,0.4160172710746745,C:\Users\lmr20\Desktop\Strings\Strings\violin\harmonics\Harmónicos naturais\harmónicos naturais_mezzo-forte\_Sustains\analysis_results\harmónicos naturais_mezzo-forte.xlsx
Violin,harmonics,natural_harmonics,mezzo-forte,107,B7,Very high,EWSD_score_acoustic_balanced,3.342892240199372,1.980688260914642,6.630447476229754,0.4160172710746745,C:\Users\lmr20\Desktop\Strings\Strings\violin\harmonics\Harmónicos naturais\harmónicos naturais_mezzo-forte\_Sustains\analysis_results\harmónicos naturais_mezzo-forte.xlsx
Violin,harmonics,natural_harmonics,piano,79,G5,Very high,EWSD_score_acoustic_balanced,12.45309036043333,4.709381011039974,15.91635746095332,0.2526050369942469,C:\Users\lmr20\Desktop\Strings\Strings\violin\harmonics\Harmónicos naturais\harmónicos naturais_piano\_Sustains\analysis_results\harmónicos naturais_piano.xlsx
Violin,harmonics,natural_harmonics,piano,79,G5,Very high,EWSD_score_acoustic_balanced,12.45309036043333,4.709381011039974,15.91635746095332,0.2526050369942469,C:\Users\lmr20\Desktop\Strings\Strings\violin\harmonics\Harmónicos naturais\harmónicos naturais_piano\_Sustains\analysis_results\harmónicos naturais_piano.xlsx
Violin,harmonics,natural_harmonics,piano,83,B5,Very high,EWSD_score_acoustic_balanced,7.563979404466484,2.933040461090781,15.94310902723644,0.4712477337498597,C:\Users\lmr20\Desktop\Strings\Strings\violin\harmonics\Harmónicos naturais\harmónicos naturais_piano\_Sustains\analysis_results\harmónicos naturais_piano.xlsx
Violin,harmonics,natural_harmonics,piano,83,B5,Very high,EWSD_score_acoustic_balanced,7.563979404466484,2.933040461090781,15.94310902723644,0.4712477337498597,C:\Users\lmr20\Desktop\Strings\Strings\violin\harmonics\Harmónicos naturais\harmónicos naturais_piano\_Sustains\analysis_results\harmónicos naturais_piano.xlsx
Violin,harmonics,natural_harmonics,piano,84,C6,Very high,EWSD_score_acoustic_balanced,7.21851128978402,4.074532984919878,8.392722023473874,0.1577555264526469,C:\Users\lmr20\Desktop\Strings\Strings\violin\harmonics\Harmónicos naturais\harmónicos naturais_piano\_Sustains\analysis_results\harmónicos naturais_piano.xlsx
Violin,harmonics,natural_harmonics,piano,86,D6,Very high,EWSD_score_acoustic_balanced,8.907967964835509,4.304511475150259,11.40120123561987,0.2163558641878434,C:\Users\lmr20\Desktop\Strings\Strings\violin\harmonics\Harmónicos naturais\harmónicos naturais_piano\_Sustains\analysis_results\harmónicos naturais_piano.xlsx
Violin,harmonics,natural_harmonics,piano,86,D6,Very high,EWSD_score_acoustic_balanced,8.907967964835509,4.304511475150259,11.40120123561987,0.2163558641878434,C:\Users\lmr20\Desktop\Strings\Strings\violin\harmonics\Harmónicos naturais\harmónicos naturais_piano\_Sustains\analysis_results\harmónicos naturais_piano.xlsx
Violin,harmonics,natural_harmonics,piano,88,E6,Very high,EWSD_score_acoustic_balanced,4.07035979831049,2.407308637829224,10.53243789467985,0.5333473062127453,C:\Users\lmr20\Desktop\Strings\Strings\violin\harmonics\Harmónicos naturais\harmónicos naturais_piano\_Sustains\analysis_results\harmónicos naturais_piano.xlsx
Violin,harmonics,natural_harmonics,piano,89,F6,Very high,EWSD_score_acoustic_balanced,6.446414446863721,3.425232542993167,8.557393886579705,0.2198756420027194,C:\Users\lmr20\Desktop\Strings\Strings\violin\harmonics\Harmónicos naturais\harmónicos naturais_piano\_Sustains\analysis_results\harmónicos naturais_piano.xlsx
Violin,harmonics,natural_harmonics,piano,89,F6,Very high,EWSD_score_acoustic_balanced,6.446414446863721,3.425232542993167,8.557393886579705,0.2198756420027194,C:\Users\lmr20\Desktop\Strings\Strings\violin\harmonics\Harmónicos naturais\harmónicos naturais_piano\_Sustains\analysis_results\harmónicos naturais_piano.xlsx
Violin,harmonics,natural_harmonics,piano,90,F#6,Very high,EWSD_score_acoustic_balanced,4.185831663422685,3.112529040747275,7.703013491224157,0.2687988520497679,C:\Users\lmr20\Desktop\Strings\Strings\violin\harmonics\Harmónicos naturais\harmónicos naturais_piano\_Sustains\analysis_results\harmónicos naturais_piano.xlsx
Violin,harmonics,natural_harmonics,piano,90,F#6,Very high,EWSD_score_acoustic_balanced,4.185831663422685,3.112529040747275,7.703013491224157,0.2687988520497679,C:\Users\lmr20\Desktop\Strings\Strings\violin\harmonics\Harmónicos naturais\harmónicos naturais_piano\_Sustains\analysis_results\harmónicos naturais_piano.xlsx
Violin,harmonics,natural_harmonics,piano,93,A6,Very high,EWSD_score_acoustic_balanced,3.912399167878996,2.216525009860507,8.810185101582404,0.4413929615227906,C:\Users\lmr20\Desktop\Strings\Strings\violin\harmonics\Harmónicos naturais\harmónicos naturais_piano\_Sustains\analysis_results\harmónicos naturais_piano.xlsx
Violin,harmonics,natural_harmonics,piano,93,A6,Very high,EWSD_score_acoustic_balanced,3.912399167878996,2.216525009860507,8.810185101582404,0.4413929615227906,C:\Users\lmr20\Desktop\Strings\Strings\violin\harmonics\Harmónicos naturais\harmónicos naturais_piano\_Sustains\analysis_results\harmónicos naturais_piano.xlsx
Violin,harmonics,natural_harmonics,piano,96,C7,Very high,EWSD_score_acoustic_balanced,4.813098997832558,2.999274606117738,3.32771951131781,0.0143988593351969,C:\Users\lmr20\Desktop\Strings\Strings\violin\harmonics\Harmónicos naturais\harmónicos naturais_piano\_Sustains\analysis_results\harmónicos naturais_piano.xlsx
Violin,harmonics,natural_harmonics,piano,97,C#7,Very high,EWSD_score_acoustic_balanced,4.55111285114933,3.586867284125507,3.658005365447561,0.0065480450616038,C:\Users\lmr20\Desktop\Strings\Strings\violin\harmonics\Harmónicos naturais\harmónicos naturais_piano\_Sustains\analysis_results\harmónicos naturais_piano.xlsx
Violin,Ponticello,sul_ponticello,mezzo-forte,55,G3,Middle,EWSD_score_acoustic_balanced,37.21161734839492,25.06656365921229,53.22719240531461,0.1934900568992696,C:\Users\lmr20\Desktop\Strings\Strings\violin\Ponticello\mezzo-forte_sul-ponticello\_Sustains\analysis_results\mezzo-forte_sul-ponticello.xlsx
Violin,Ponticello,sul_ponticello,mezzo-forte,56,G#3,Middle,EWSD_score_acoustic_balanced,33.31779313998032,20.01780649489526,42.87904464998715,0.1797677951174711,C:\Users\lmr20\Desktop\Strings\Strings\violin\Ponticello\mezzo-forte_sul-ponticello\_Sustains\analysis_results\mezzo-forte_sul-ponticello.xlsx
Violin,Ponticello,sul_ponticello,mezzo-forte,58,A#3,Middle,EWSD_score_acoustic_balanced,32.10095913637534,19.56298355010134,43.12423407421599,0.1931842212315156,C:\Users\lmr20\Desktop\Strings\Strings\violin\Ponticello\mezzo-forte_sul-ponticello\_Sustains\analysis_results\mezzo-forte_sul-ponticello.xlsx
Violin,Ponticello,sul_ponticello,mezzo-forte,61,C#4,High,EWSD_score_acoustic_balanced,29.72940083004065,17.84609860752746,41.68098382114621,0.2090026439762075,C:\Users\lmr20\Desktop\Strings\Strings\violin\Ponticello\mezzo-forte_sul-ponticello\_Sustains\analysis_results\mezzo-forte_sul-ponticello.xlsx
Violin,Ponticello,sul_ponticello,mezzo-forte,66,F#4,High,EWSD_score_acoustic_balanced,24.03729274980108,12.98565557853903,36.15396242363968,0.2510621340014143,C:\Users\lmr20\Desktop\Strings\Strings\violin\Ponticello\mezzo-forte_sul-ponticello\_Sustains\analysis_results\mezzo-forte_sul-ponticello.xlsx
Violin,Ponticello,sul_ponticello,mezzo-forte,70,A#4,High,EWSD_score_acoustic_balanced,11.94117223844775,6.425385481972597,22.42529690217156,0.3364628383097583,C:\Users\lmr20\Desktop\Strings\Strings\violin\Ponticello\mezzo-forte_sul-ponticello\_Sustains\analysis_results\mezzo-forte_sul-ponticello.xlsx
Violin,Ponticello,sul_ponticello,mezzo-forte,72,C5,Very high,EWSD_score_acoustic_balanced,17.68145654424546,9.720114405162038,24.85746021567554,0.2270818655865113,C:\Users\lmr20\Desktop\Strings\Strings\violin\Ponticello\mezzo-forte_sul-ponticello\_Sustains\analysis_results\mezzo-forte_sul-ponticello.xlsx
Violin,Ponticello,sul_ponticello,mezzo-forte,74,D5,Very high,EWSD_score_acoustic_balanced,16.60438755032515,5.926554468268106,19.2922711380289,0.2135523776172267,C:\Users\lmr20\Desktop\Strings\Strings\violin\Ponticello\mezzo-forte_sul-ponticello\_Sustains\analysis_results\mezzo-forte_sul-ponticello.xlsx
Violin,Ponticello,sul_ponticello,mezzo-forte,76,E5,Very high,EWSD_score_acoustic_balanced,20.73621435180897,8.015916018394798,16.71993571510413,0.1132971234209917,C:\Users\lmr20\Desktop\Strings\Strings\violin\Ponticello\mezzo-forte_sul-ponticello\_Sustains\analysis_results\mezzo-forte_sul-ponticello.xlsx
Violin,Ponticello,sul_ponticello,mezzo-forte,77,F5,Very high,EWSD_score_acoustic_balanced,16.138181722131,7.572380367794961,22.96619538434706,0.2552244646335693,C:\Users\lmr20\Desktop\Strings\Strings\violin\Ponticello\mezzo-forte_sul-ponticello\_Sustains\analysis_results\mezzo-forte_sul-ponticello.xlsx
Violin,Ponticello,sul_ponticello,mezzo-forte,79,G5,Very high,EWSD_score_acoustic_balanced,14.39445300557067,4.730298457067438,16.31128042185472,0.1973544974759033,C:\Users\lmr20\Desktop\Strings\Strings\violin\Ponticello\mezzo-forte_sul-ponticello\_Sustains\analysis_results\mezzo-forte_sul-ponticello.xlsx
Violin,Ponticello,sul_ponticello,mezzo-forte,83,B5,Very high,EWSD_score_acoustic_balanced,6.578511309634083,2.926671694934627,13.30688185319364,0.4237363236542304,C:\Users\lmr20\Desktop\Strings\Strings\violin\Ponticello\mezzo-forte_sul-ponticello\_Sustains\analysis_results\mezzo-forte_sul-ponticello.xlsx
Violin,Ponticello,sul_ponticello,mezzo-forte,85,C#6,Very high,EWSD_score_acoustic_balanced,11.42988599592434,5.814088695808765,19.33900428801643,0.3128400236713269,C:\Users\lmr20\Desktop\Strings\Strings\violin\Ponticello\mezzo-forte_sul-ponticello\_Sustains\analysis_results\mezzo-forte_sul-ponticello.xlsx
Violin,Ponticello,sul_ponticello,mezzo-forte,86,D6,Very high,EWSD_score_acoustic_balanced,15.85427750929923,8.612329590851848,24.53919433262041,0.265658293773584,C:\Users\lmr20\Desktop\Strings\Strings\violin\Ponticello\mezzo-forte_sul-ponticello\_Sustains\analysis_results\mezzo-forte_sul-ponticello.xlsx
Violin,Ponticello,sul_ponticello,mezzo-forte,87,D#6,Very high,EWSD_score_acoustic_balanced,6.873553770204839,3.279740363895263,14.05862547938701,0.4013263628872257,C:\Users\lmr20\Desktop\Strings\Strings\violin\Ponticello\mezzo-forte_sul-ponticello\_Sustains\analysis_results\mezzo-forte_sul-ponticello.xlsx
Violin,Ponticello,sul_ponticello,piano,55,G3,Middle,EWSD_score_acoustic_balanced,57.77893576207201,27.79049181259235,61.9797814192921,0.1538538744648416,C:\Users\lmr20\Desktop\Strings\Strings\violin\Ponticello\piano_sul-ponticello\_Sustains\analysis_results\piano_sul-ponticello.xlsx
Violin,Ponticello,sul_ponticello,piano,56,G#3,Middle,EWSD_score_acoustic_balanced,35.40441822202435,10.31419168393693,31.69929447737319,0.1585702078016711,C:\Users\lmr20\Desktop\Strings\Strings\violin\Ponticello\piano_sul-ponticello\_Sustains\analysis_results\piano_sul-ponticello.xlsx
Violin,Ponticello,sul_ponticello,piano,58,A#3,Middle,EWSD_score_acoustic_balanced,39.91327675523278,16.76204596773801,42.37448628289093,0.1649609468477482,C:\Users\lmr20\Desktop\Strings\Strings\violin\Ponticello\piano_sul-ponticello\_Sustains\analysis_results\piano_sul-ponticello.xlsx
Violin,Ponticello,sul_ponticello,piano,61,C#4,High,EWSD_score_acoustic_balanced,34.72412046894682,15.87209729983082,39.65237120606664,0.1814337227458946,C:\Users\lmr20\Desktop\Strings\Strings\violin\Ponticello\piano_sul-ponticello\_Sustains\analysis_results\piano_sul-ponticello.xlsx
Violin,Ponticello,sul_ponticello,piano,62,D4,High,EWSD_score_acoustic_balanced,31.01659119467486,15.1334904433872,35.17013556897344,0.1656668148275807,C:\Users\lmr20\Desktop\Strings\Strings\violin\Ponticello\piano_sul-ponticello\_Sustains\analysis_results\piano_sul-ponticello.xlsx
Violin,Ponticello,sul_ponticello,piano,64,E4,High,EWSD_score_acoustic_balanced,31.8094327210341,16.63166873132735,40.39222771020211,0.1949593956673493,C:\Users\lmr20\Desktop\Strings\Strings\violin\Ponticello\piano_sul-ponticello\_Sustains\analysis_results\piano_sul-ponticello.xlsx
Violin,Ponticello,sul_ponticello,piano,65,F4,High,EWSD_score_acoustic_balanced,28.26797560332854,11.65004611097397,33.51003358471273,0.2145489870434179,C:\Users\lmr20\Desktop\Strings\Strings\violin\Ponticello\piano_sul-ponticello\_Sustains\analysis_results\piano_sul-ponticello.xlsx
Violin,Ponticello,sul_ponticello,piano,66,F#4,High,EWSD_score_acoustic_balanced,29.90316032608331,13.36198705840676,36.50108442536104,0.2101360521086729,C:\Users\lmr20\Desktop\Strings\Strings\violin\Ponticello\piano_sul-ponticello\_Sustains\analysis_results\piano_sul-ponticello.xlsx
Violin,Ponticello,sul_ponticello,piano,67,G4,High,EWSD_score_acoustic_balanced,27.85056710088512,10.1990581479219,30.36205919825183,0.1892017921097327,C:\Users\lmr20\Desktop\Strings\Strings\violin\Ponticello\piano_sul-ponticello\_Sustains\analysis_results\piano_sul-ponticello.xlsx
Violin,Ponticello,sul_ponticello,piano,70,A#4,High,EWSD_score_acoustic_balanced,27.65799962153611,13.37452816462327,37.90102769884497,0.2234759431844963,C:\Users\lmr20\Desktop\Strings\Strings\violin\Ponticello\piano_sul-ponticello\_Sustains\analysis_results\piano_sul-ponticello.xlsx
Violin,Ponticello,sul_ponticello,piano,71,B4,High,EWSD_score_acoustic_balanced,21.05789506308245,11.82819064185416,31.85124403864327,0.2484180091747865,C:\Users\lmr20\Desktop\Strings\Strings\violin\Ponticello\piano_sul-ponticello\_Sustains\analysis_results\piano_sul-ponticello.xlsx
Violin,Ponticello,sul_ponticello,piano,72,C5,Very high,EWSD_score_acoustic_balanced,23.802432469987,9.232229798982972,24.34805908621487,0.1660491534796941,C:\Users\lmr20\Desktop\Strings\Strings\violin\Ponticello\piano_sul-ponticello\_Sustains\analysis_results\piano_sul-ponticello.xlsx
Violin,Ponticello,sul_ponticello,piano,75,D#5,Very high,EWSD_score_acoustic_balanced,19.09194722447042,7.945499795352503,21.47571575355846,0.1877185585041612,C:\Users\lmr20\Desktop\Strings\Strings\violin\Ponticello\piano_sul-ponticello\_Sustains\analysis_results\piano_sul-ponticello.xlsx
Violin,Ponticello,sul_ponticello,piano,76,E5,Very high,EWSD_score_acoustic_balanced,14.87298420919759,5.807984050130787,22.21422730223991,0.2847033624422738,C:\Users\lmr20\Desktop\Strings\Strings\violin\Ponticello\piano_sul-ponticello\_Sustains\analysis_results\piano_sul-ponticello.xlsx
Violin,Ponticello,sul_ponticello,piano,80,G#5,Very high,EWSD_score_acoustic_balanced,21.42672691544082,7.220753230751225,19.4455425080456,0.1494190124072136,C:\Users\lmr20\Desktop\Strings\Strings\violin\Ponticello\piano_sul-ponticello\_Sustains\analysis_results\piano_sul-ponticello.xlsx
Violin,Ponticello,sul_ponticello,piano,82,A#5,Very high,EWSD_score_acoustic_balanced,13.15848230289674,6.169176666488983,20.94580152646563,0.2849670374976222,C:\Users\lmr20\Desktop\Strings\Strings\violin\Ponticello\piano_sul-ponticello\_Sustains\analysis_results\piano_sul-ponticello.xlsx
Violin,Ponticello,sul_ponticello,piano,83,B5,Very high,EWSD_score_acoustic_balanced,14.99693237587375,6.717348330289727,21.72337015214555,0.2621198807939986,C:\Users\lmr20\Desktop\Strings\Strings\violin\Ponticello\piano_sul-ponticello\_Sustains\analysis_results\piano_sul-ponticello.xlsx
Violin,Ponticello,sul_ponticello,piano,85,C#6,Very high,EWSD_score_acoustic_balanced,15.36563166483947,6.168299482340972,21.72957734861639,0.2540977792277908,C:\Users\lmr20\Desktop\Strings\Strings\violin\Ponticello\piano_sul-ponticello\_Sustains\analysis_results\piano_sul-ponticello.xlsx
Violin,Ponticello,sul_ponticello,piano,86,D6,Very high,EWSD_score_acoustic_balanced,19.38744540298046,6.768761007537091,21.50222743026368,0.2052833884488686,C:\Users\lmr20\Desktop\Strings\Strings\violin\Ponticello\piano_sul-ponticello\_Sustains\analysis_results\piano_sul-ponticello.xlsx
Violin,Ponticello,sul_ponticello,piano,93,A6,Very high,EWSD_score_acoustic_balanced,11.18495685012951,4.473850738340309,11.05623643143559,0.1560535842206119,C:\Users\lmr20\Desktop\Strings\Strings\violin\Ponticello\piano_sul-ponticello\_Sustains\analysis_results\piano_sul-ponticello.xlsx
Violin,Ponticello,sul_ponticello,piano,103,G7,Very high,EWSD_score_acoustic_balanced,6.073369758739515,3.198430368946028,7.771544069578924,0.2109653286204757,C:\Users\lmr20\Desktop\Strings\Strings\violin\Ponticello\piano_sul-ponticello\_Sustains\analysis_results\piano_sul-ponticello.xlsx
Violin,tasto,sul_tasto,unspecified,55,G3,Middle,EWSD_score_acoustic_balanced,35.45390191809818,22.91377751155413,52.59587295509354,0.2093704612577068,C:\Users\lmr20\Desktop\Strings\Strings\violin\tasto\_Sustains\analysis_results\tasto.xlsx
Violin,tasto,sul_tasto,unspecified,56,G#3,Middle,EWSD_score_acoustic_balanced,16.5635688161444,7.801690295104573,22.0152665570175,0.2275251892208442,C:\Users\lmr20\Desktop\Strings\Strings\violin\tasto\_Sustains\analysis_results\tasto.xlsx
Violin,tasto,sul_tasto,unspecified,58,A#3,Middle,EWSD_score_acoustic_balanced,15.38478438811623,8.177842884885179,22.13057046691454,0.2431415840390682,C:\Users\lmr20\Desktop\Strings\Strings\violin\tasto\_Sustains\analysis_results\tasto.xlsx
Violin,tasto,sul_tasto,unspecified,61,C#4,High,EWSD_score_acoustic_balanced,23.1427700156027,10.49763300919651,29.49604544973539,0.2127912712108708,C:\Users\lmr20\Desktop\Strings\Strings\violin\tasto\_Sustains\analysis_results\tasto.xlsx
Violin,tasto,sul_tasto,unspecified,62,D4,High,EWSD_score_acoustic_balanced,15.83774422319414,5.302354801966744,21.80618900021519,0.2645641553801786,C:\Users\lmr20\Desktop\Strings\Strings\violin\tasto\_Sustains\analysis_results\tasto.xlsx
Violin,tasto,sul_tasto,unspecified,64,E4,High,EWSD_score_acoustic_balanced,17.36972264015354,6.805472430478612,26.5423457947834,0.2837770276782545,C:\Users\lmr20\Desktop\Strings\Strings\violin\tasto\_Sustains\analysis_results\tasto.xlsx
Violin,tasto,sul_tasto,unspecified,65,F4,High,EWSD_score_acoustic_balanced,19.65357764997433,9.228402913415398,29.40076561605555,0.2754409730408567,C:\Users\lmr20\Desktop\Strings\Strings\violin\tasto\_Sustains\analysis_results\tasto.xlsx
Violin,tasto,sul_tasto,unspecified,66,F#4,High,EWSD_score_acoustic_balanced,13.50802119505204,4.716873850702143,21.7739605898185,0.3326712011235376,C:\Users\lmr20\Desktop\Strings\Strings\violin\tasto\_Sustains\analysis_results\tasto.xlsx
Violin,tasto,sul_tasto,unspecified,67,G4,High,EWSD_score_acoustic_balanced,13.20467116676141,4.569143484420553,23.31076371096775,0.3814135720156691,C:\Users\lmr20\Desktop\Strings\Strings\violin\tasto\_Sustains\analysis_results\tasto.xlsx
Violin,tasto,sul_tasto,unspecified,70,A#4,High,EWSD_score_acoustic_balanced,10.18129505804876,4.316628660454627,18.71297192047102,0.3735332947897236,C:\Users\lmr20\Desktop\Strings\Strings\violin\tasto\_Sustains\analysis_results\tasto.xlsx
Violin,tasto,sul_tasto,unspecified,71,B4,High,EWSD_score_acoustic_balanced,13.37917491803957,5.461314297663947,21.6300094672568,0.3278059490507971,C:\Users\lmr20\Desktop\Strings\Strings\violin\tasto\_Sustains\analysis_results\tasto.xlsx
Violin,tasto,sul_tasto,unspecified,72,C5,Very high,EWSD_score_acoustic_balanced,9.42019764639553,3.613739859995194,14.99043379277954,0.313643338777544,C:\Users\lmr20\Desktop\Strings\Strings\violin\tasto\_Sustains\analysis_results\tasto.xlsx
Violin,tasto,sul_tasto,unspecified,75,D#5,Very high,EWSD_score_acoustic_balanced,9.911209337586918,3.89622014847002,14.03630892464229,0.2829153393353999,C:\Users\lmr20\Desktop\Strings\Strings\violin\tasto\_Sustains\analysis_results\tasto.xlsx
Violin,tasto,sul_tasto,unspecified,76,E5,Very high,EWSD_score_acoustic_balanced,11.78221209219109,4.118965876467125,18.51967835789308,0.3343416229541147,C:\Users\lmr20\Desktop\Strings\Strings\violin\tasto\_Sustains\analysis_results\tasto.xlsx
Violin,tasto,sul_tasto,unspecified,80,G#5,Very high,EWSD_score_acoustic_balanced,9.240728844836845,3.689985006875792,13.3022757326878,0.2869009539764025,C:\Users\lmr20\Desktop\Strings\Strings\violin\tasto\_Sustains\analysis_results\tasto.xlsx
Violin,tasto,sul_tasto,unspecified,82,A#5,Very high,EWSD_score_acoustic_balanced,6.141430194027335,2.625247762013493,13.1830944569686,0.4740221399011296,C:\Users\lmr20\Desktop\Strings\Strings\violin\tasto\_Sustains\analysis_results\tasto.xlsx
Violin,tasto,sul_tasto,unspecified,83,B5,Very high,EWSD_score_acoustic_balanced,7.611776650028764,3.456604744002023,15.01533303092875,0.4100967856705026,C:\Users\lmr20\Desktop\Strings\Strings\violin\tasto\_Sustains\analysis_results\tasto.xlsx
Violin,tasto,sul_tasto,unspecified,85,C#6,Very high,EWSD_score_acoustic_balanced,8.208099695697696,3.901539254855762,12.47762273360107,0.2861232493811384,C:\Users\lmr20\Desktop\Strings\Strings\violin\tasto\_Sustains\analysis_results\tasto.xlsx
Violin,tasto,sul_tasto,unspecified,86,D6,Very high,EWSD_score_acoustic_balanced,8.831282857207718,3.588891776787233,14.86976150751546,0.3388397511051714,C:\Users\lmr20\Desktop\Strings\Strings\violin\tasto\_Sustains\analysis_results\tasto.xlsx
Violin,tasto,sul_tasto,unspecified,89,F6,Very high,EWSD_score_acoustic_balanced,3.617304719747401,2.271389912674052,2.649274231285403,0.0288622669233143,C:\Users\lmr20\Desktop\Strings\Strings\violin\tasto\_Sustains\analysis_results\tasto.xlsx
Violin,tasto,sul_tasto,unspecified,91,G6,Very high,EWSD_score_acoustic_balanced,5.551837996777304,2.79734748810663,10.40242393570562,0.3601645779503131,C:\Users\lmr20\Desktop\Strings\Strings\violin\tasto\_Sustains\analysis_results\tasto.xlsx
Violin,tasto,sul_tasto,unspecified,92,G#6,Very high,EWSD_score_acoustic_balanced,6.683388410370628,3.170984673997187,10.00957076822407,0.2849230551153282,C:\Users\lmr20\Desktop\Strings\Strings\violin\tasto\_Sustains\analysis_results\tasto.xlsx
Violin,tasto,sul_tasto,unspecified,93,A6,Very high,EWSD_score_acoustic_balanced,7.1879223298778,3.510017391932712,8.309388850979799,0.1852602618341412,C:\Users\lmr20\Desktop\Strings\Strings\violin\tasto\_Sustains\analysis_results\tasto.xlsx
